Children apprehended and placed in CBP custody*,Children in CBP custody,Children transferred out of CBP custody,Children in HHS Care,Children discharged from HHS Care,rolling_mean_7,lag_1,lag_7,lag_14,rolling_mean_14,rolling_std_7,net_pressure,day_of_week,month,quarter,intake_discharge_ratio
124.0,234.0,161.0,7908.0,353.0,7823.714285714285,7915.0,7803.0,6566.0,7654.071428571428,124.51467689354465,-192.0,3,2,1,0.3502824858757062
92.0,203.0,173.0,7434.0,317.0,7756.714285714285,7908.0,7903.0,7122.0,7676.357142857143,185.82762109520763,-144.0,6,2,1,0.2893081761006289
186.0,259.0,172.0,7483.0,244.0,7700.142857142857,7434.0,7879.0,7280.0,7690.857142857143,201.9714737047677,-72.0,0,2,1,0.7591836734693878
154.0,225.0,220.0,7794.0,223.0,7729.857142857143,7483.0,7586.0,7433.0,7716.642857142857,197.63386060374933,-3.0,1,2,1,0.6875
91.0,199.0,172.0,7869.0,290.0,7751.142857142857,7794.0,7720.0,7538.0,7740.285714285715,204.3064924498047,-118.0,2,2,1,0.3127147766323024
81.0,213.0,153.0,7793.0,361.0,7742.285714285715,7869.0,7855.0,7472.0,7763.214285714285,200.35943891392802,-208.0,3,2,1,0.22375690607734808
209.0,285.0,184.0,7817.0,209.0,7728.285714285715,7793.0,7915.0,7743.0,7768.5,189.40407799702763,-25.0,0,2,1,0.9952380952380953
184.0,314.0,217.0,7967.0,213.0,7736.714285714285,7817.0,7908.0,7803.0,7780.214285714285,199.7637890824329,4.0,1,2,1,0.8598130841121495
107.0,215.0,230.0,7978.0,232.0,7814.428571428572,7967.0,7434.0,7903.0,7785.571428571428,165.19670814199426,-2.0,2,2,1,0.4592274678111588
101.0,162.0,178.0,7914.0,386.0,7876.0,7978.0,7483.0,7879.0,7788.071428571428,78.81624198094237,-208.0,3,2,1,0.26098191214470284
99.0,190.0,176.0,7609.0,323.0,7849.571428571428,7914.0,7794.0,7586.0,7789.714285714285,127.1139346450695,-147.0,6,2,1,0.3055555555555556
167.0,239.0,166.0,7800.0,248.0,7839.714285714285,7609.0,7869.0,7720.0,7795.428571428572,128.02827068751958,-82.0,0,2,1,0.6706827309236948
115.0,216.0,169.0,7896.0,200.0,7854.428571428572,7800.0,7793.0,7855.0,7798.357142857143,127.68301524067704,-31.0,1,2,1,0.572139303482587
84.0,158.0,193.0,7930.0,307.0,7870.571428571428,7896.0,7817.0,7915.0,7799.428571428572,129.29534297214343,-114.0,2,3,1,0.2727272727272727
130.0,227.0,192.0,7870.0,335.0,7856.714285714285,7930.0,7967.0,7908.0,7796.714285714285,122.24390139622506,-143.0,3,3,1,0.3869047619047619
88.0,214.0,160.0,7859.0,259.0,7839.714285714285,7870.0,7978.0,7434.0,7827.071428571428,110.2523080419185,-99.0,1,3,1,0.3384615384615385
113.0,208.0,159.0,7885.0,291.0,7835.571428571428,7859.0,7914.0,7483.0,7855.785714285715,107.50636747475812,-132.0,2,3,1,0.386986301369863
174.0,285.0,150.0,7786.0,340.0,7860.857142857143,7885.0,7609.0,7794.0,7855.214285714285,51.6282499265157,-190.0,3,3,1,0.5102639296187683
104.0,230.0,206.0,7567.0,249.0,7827.571428571428,7786.0,7800.0,7869.0,7833.642857142857,123.07566391296788,-43.0,0,3,1,0.416
147.0,276.0,214.0,7810.0,181.0,7815.285714285715,7567.0,7896.0,7793.0,7834.857142857143,119.34224494524258,33.0,1,3,1,0.8076923076923077
108.0,220.0,213.0,7915.0,286.0,7813.142857142857,7810.0,7930.0,7817.0,7841.857142857143,117.05188104913869,-73.0,2,3,1,0.37630662020905925
180.0,280.0,146.0,7989.0,308.0,7830.142857142857,7915.0,7870.0,7967.0,7843.428571428572,134.08756911240857,-162.0,3,3,1,0.5825242718446602
134.0,294.0,186.0,7885.0,306.0,7833.857142857143,7989.0,7859.0,7978.0,7836.785714285715,135.37408488016308,-120.0,6,3,1,0.4364820846905538
202.0,313.0,158.0,7931.0,279.0,7840.428571428572,7885.0,7885.0,7914.0,7838.0,139.3291751487023,-121.0,0,3,1,0.7214285714285714
110.0,272.0,193.0,8050.0,221.0,7878.142857142857,7931.0,7786.0,7609.0,7869.5,156.77843024623877,-28.0,1,3,1,0.4954954954954955
166.0,277.0,229.0,8097.0,246.0,7953.857142857143,8050.0,7567.0,7800.0,7890.714285714285,98.6887845222267,-17.0,2,3,1,0.6720647773279352
136.0,276.0,178.0,8102.0,331.0,7995.571428571428,8097.0,7810.0,7896.0,7905.428571428572,88.98287689747141,-153.0,3,3,1,0.40963855421686746
87.0,246.0,173.0,7847.0,352.0,7985.857142857143,8102.0,7915.0,7930.0,7899.5,102.00396817677102,-179.0,6,3,1,0.24645892351274787
84.0,171.0,157.0,7994.0,235.0,7986.571428571428,7847.0,7989.0,7870.0,7908.357142857143,102.04714130056382,-78.0,0,3,1,0.3559322033898305
167.0,209.0,157.0,8079.0,223.0,8014.285714285715,7994.0,7885.0,7859.0,7924.071428571428,96.03074904374563,-66.0,1,3,1,0.7455357142857143
109.0,245.0,159.0,8208.0,267.0,8053.857142857143,8079.0,7931.0,7885.0,7947.142857142857,111.77272859307338,-108.0,2,3,1,0.40671641791044777
156.0,256.0,176.0,8158.0,359.0,8069.285714285715,8208.0,8050.0,7786.0,7973.714285714285,118.40849390381318,-183.0,3,3,1,0.43333333333333335
125.0,232.0,192.0,7981.0,304.0,8052.714285714285,8158.0,8097.0,7567.0,8003.285714285715,121.94768589537104,-112.0,6,4,2,0.4098360655737705
118.0,139.0,168.0,8054.0,284.0,8045.857142857143,7981.0,8102.0,7810.0,8020.714285714285,120.04919626472943,-116.0,0,4,2,0.41403508771929826
142.0,235.0,139.0,8068.0,259.0,8077.428571428572,8054.0,7847.0,7915.0,8031.642857142857,82.09721299136949,-120.0,1,4,2,0.5461538461538461
148.0,245.0,175.0,8175.0,260.0,8103.285714285715,8068.0,7994.0,7989.0,8044.928571428572,79.91602735727801,-85.0,2,4,2,0.5670498084291188
119.0,219.0,210.0,8178.0,284.0,8117.428571428572,8175.0,8079.0,7885.0,8065.857142857143,83.57802171793388,-74.0,3,4,2,0.41754385964912283
105.0,210.0,149.0,7900.0,329.0,8073.428571428572,8178.0,8208.0,7931.0,8063.642857142857,106.01235327836547,-180.0,6,4,2,0.3181818181818182
143.0,203.0,163.0,7826.0,265.0,8026.0,7900.0,8158.0,8050.0,8047.642857142857,132.7616912616919,-102.0,0,4,2,0.5375939849624061
119.0,209.0,152.0,7922.0,187.0,8017.571428571428,7826.0,7981.0,8097.0,8035.142857142857,137.86933082071064,-35.0,1,4,2,0.6329787234042553
155.0,212.0,181.0,7876.0,283.0,7992.142857142857,7922.0,8054.0,8102.0,8019.0,146.194423709688,-102.0,2,4,2,0.545774647887324
109.0,214.0,173.0,7795.0,370.0,7953.142857142857,7876.0,8068.0,7847.0,8015.285714285715,158.48283668526358,-197.0,3,4,2,0.29380053908355797
191.0,283.0,192.0,7380.0,272.0,7839.571428571428,7795.0,8175.0,7994.0,7971.428571428572,237.93686637625376,-80.0,6,4,2,0.6996336996336996
170.0,297.0,196.0,7344.0,248.0,7720.428571428572,7380.0,8178.0,8079.0,7918.928571428572,248.7889715822463,-52.0,0,4,2,0.6827309236947792
152.0,272.0,214.0,7376.0,234.0,7645.571428571428,7344.0,7900.0,8208.0,7859.5,264.11352176848504,-20.0,1,4,2,0.6468085106382979
239.0,367.0,224.0,7356.0,229.0,7578.428571428572,7376.0,7826.0,8158.0,7802.214285714285,270.2701470398688,-5.0,2,4,2,1.0391304347826087
113.0,280.0,237.0,7490.0,320.0,7516.714285714285,7356.0,7922.0,7981.0,7767.142857142857,224.12549630784596,-83.0,3,4,2,0.35202492211838005
196.0,306.0,187.0,7534.0,266.0,7467.857142857143,7490.0,7876.0,8054.0,7730.0,161.1918407482521,-79.0,6,4,2,0.7340823970037453
236.0,330.0,222.0,7796.0,213.0,7468.0,7534.0,7795.0,8068.0,7710.571428571428,161.53018293805144,9.0,0,4,2,1.102803738317757
81.0,230.0,242.0,8017.0,202.0,7559.0,7796.0,7380.0,8175.0,7699.285714285715,255.68274612626254,40.0,1,4,2,0.39901477832512317
118.0,245.0,160.0,8117.0,256.0,7669.428571428572,8017.0,7344.0,8178.0,7694.928571428572,308.7662854775746,-96.0,2,4,2,0.4591439688715953
218.0,283.0,208.0,8159.0,310.0,7781.285714285715,8117.0,7376.0,7900.0,7713.428571428572,326.091865525506,-102.0,3,4,2,0.7009646302250804
132.0,243.0,183.0,8352.0,293.0,7923.571428571428,8159.0,7356.0,7826.0,7751.0,326.89083659169603,-110.0,6,4,2,0.4489795918367347
224.0,315.0,152.0,8492.0,237.0,8066.714285714285,8352.0,7490.0,7922.0,7791.714285714285,324.76746259732477,-85.0,0,5,2,0.9411764705882353
167.0,326.0,213.0,8654.0,245.0,8226.714285714286,8492.0,7534.0,7876.0,7847.285714285715,292.90596573286916,-32.0,1,5,2,0.6788617886178862
209.0,353.0,232.0,8704.0,267.0,8356.42857142857,8654.0,7796.0,7795.0,7912.214285714285,270.5764569352238,-35.0,2,5,2,0.7798507462686567
153.0,253.0,286.0,8790.0,332.0,8466.857142857143,8704.0,8017.0,7380.0,8012.928571428572,266.6711011536049,-46.0,3,5,2,0.4594594594594595
180.0,337.0,219.0,8485.0,375.0,8519.42857142857,8790.0,8117.0,7344.0,8094.428571428572,218.04575753944934,-156.0,6,5,2,0.4787234042553192
133.0,287.0,189.0,8590.0,261.0,8581.0,8485.0,8159.0,7376.0,8181.142857142857,149.33072914395893,-72.0,0,5,2,0.5076335877862596
187.0,310.0,247.0,8606.0,250.0,8617.285714285714,8590.0,8352.0,7356.0,8270.42857142857,110.1252533643899,-3.0,1,5,2,0.7450199203187251
168.0,285.0,210.0,8681.0,304.0,8644.285714285714,8606.0,8492.0,7490.0,8355.5,96.63111004521781,-94.0,2,5,2,0.5508196721311476
269.0,412.0,204.0,8672.0,392.0,8646.857142857143,8681.0,8654.0,7534.0,8436.785714285714,97.17068929025059,-188.0,3,5,2,0.6844783715012722
100.0,255.0,236.0,8445.0,288.0,8609.857142857143,8672.0,8704.0,7796.0,8483.142857142857,118.7089277342236,-52.0,6,5,2,0.3460207612456747
205.0,294.0,177.0,8571.0,277.0,8578.57142857143,8445.0,8790.0,8017.0,8522.714285714286,88.27770036057808,-100.0,0,5,2,0.737410071942446
161.0,304.0,211.0,8572.0,272.0,8591.0,8571.0,8485.0,8117.0,8555.214285714286,78.48991442641704,-61.0,1,5,2,0.5897435897435898
57.0,162.0,193.0,8569.0,307.0,8588.0,8572.0,8590.0,8159.0,8584.5,78.93457206234972,-114.0,2,5,2,0.18506493506493507
80.0,122.0,152.0,8474.0,351.0,8569.142857142857,8569.0,8606.0,8352.0,8593.214285714286,89.03824753334494,-199.0,3,5,2,0.22727272727272727
107.0,170.0,133.0,7826.0,343.0,8447.0,8474.0,8681.0,8492.0,8545.642857142857,283.6911466131201,-210.0,6,5,2,0.311046511627907
99.0,156.0,139.0,7848.0,240.0,8329.285714285714,7826.0,8672.0,8654.0,8488.07142857143,340.11356646749425,-101.0,0,5,2,0.4107883817427386
25.0,66.0,94.0,7788.0,246.0,8235.42857142857,7848.0,8445.0,8704.0,8422.642857142857,389.87171272221485,-152.0,1,5,2,0.10121457489878542
35.0,70.0,53.0,7709.0,276.0,8112.285714285715,7788.0,8571.0,8790.0,8345.42857142857,402.1544953065167,-223.0,2,5,2,0.1263537906137184
43.0,73.0,64.0,7546.0,408.0,7965.714285714285,7709.0,8572.0,8485.0,8278.357142857143,393.558430344516,-344.0,3,5,2,0.10513447432762836
41.0,60.0,71.0,6996.0,207.0,7741.0,7546.0,8569.0,8590.0,8164.5,438.224828141904,-136.0,0,5,2,0.1971153846153846
65.0,83.0,65.0,7046.0,168.0,7537.0,6996.0,8474.0,8606.0,8053.071428571428,366.66742424164335,-103.0,1,5,2,0.38461538461538464
38.0,80.0,82.0,7053.0,210.0,7426.571428571428,7046.0,7826.0,8681.0,7936.785714285715,381.2356476611549,-128.0,2,5,2,0.18009478672985782
56.0,82.0,68.0,7002.0,287.0,7305.714285714285,7053.0,7848.0,8672.0,7817.5,358.8076152507161,-219.0,3,6,2,0.19444444444444445
74.0,103.0,80.0,6555.0,292.0,7129.571428571428,7002.0,7788.0,8445.0,7682.5,384.32748932078755,-212.0,6,6,2,0.2525597269624573
68.0,107.0,102.0,6523.0,189.0,6960.142857142857,6555.0,7709.0,8571.0,7536.214285714285,345.80699268591604,-87.0,0,6,2,0.35789473684210527
92.0,124.0,93.0,6508.0,187.0,6811.857142857143,6523.0,7546.0,8572.0,7388.785714285715,266.0760721870292,-94.0,1,6,2,0.48936170212765956
113.0,162.0,107.0,6483.0,208.0,6738.571428571428,6508.0,6996.0,8569.0,7239.785714285715,277.3150177102208,-101.0,2,6,2,0.5406698564593302
106.0,196.0,131.0,6446.0,255.0,6652.857142857143,6483.0,7046.0,8474.0,7094.928571428572,258.5468549228111,-124.0,3,6,2,0.4140625
86.0,152.0,168.0,6007.0,238.0,6503.428571428572,6446.0,7053.0,7826.0,6965.0,289.19247174552527,-70.0,6,6,2,0.3598326359832636
84.0,118.0,136.0,6021.0,177.0,6363.285714285715,6007.0,7002.0,7848.0,6834.5,240.99703614063765,-41.0,0,6,2,0.47191011235955055
59.0,64.0,117.0,6061.0,146.0,6292.714285714285,6021.0,6555.0,7788.0,6711.142857142857,247.73555409328097,-29.0,1,6,2,0.4013605442176871
62.0,97.0,52.0,6065.0,167.0,6227.285714285715,6061.0,6523.0,7709.0,6593.714285714285,237.0279268255918,-115.0,2,6,2,0.36904761904761907
91.0,75.0,97.0,6038.0,272.0,6160.142857142857,6065.0,6508.0,7546.0,6486.0,209.1908447418512,-175.0,3,6,2,0.3333333333333333
29.0,51.0,11.0,5679.0,142.0,6045.285714285715,6038.0,6483.0,6996.0,6391.928571428572,222.66620330718706,-131.0,0,6,2,0.20279720279720279
33.0,53.0,34.0,5904.0,134.0,5967.857142857143,5679.0,6446.0,7046.0,6310.357142857143,138.38644992848367,-100.0,1,6,2,0.24444444444444444
93.0,196.0,169.0,5922.0,149.0,5955.714285714285,5904.0,6007.0,7053.0,6229.571428571428,138.10830808428545,20.0,2,6,2,0.62
124.0,234.0,161.0,5956.0,207.0,5946.428571428572,5922.0,6021.0,7002.0,6154.857142857143,135.1404912709417,-46.0,3,6,2,0.5961538461538461
92.0,203.0,173.0,5766.0,263.0,5904.285714285715,5956.0,6061.0,6555.0,6098.5,139.38760619905776,-90.0,6,6,2,0.3484848484848485
186.0,259.0,172.0,5819.0,174.0,5869.142857142857,5766.0,6065.0,6523.0,6048.214285714285,122.04702450479833,-2.0,0,6,2,1.062857142857143
154.0,225.0,220.0,5917.0,155.0,5851.857142857143,5819.0,6038.0,6508.0,6006.0,100.87852194830552,65.0,1,6,2,0.9871794871794872
91.0,199.0,172.0,5999.0,174.0,5897.571428571428,5917.0,5679.0,6483.0,5971.428571428572,79.79318505330629,-2.0,2,6,2,0.52
81.0,213.0,153.0,6058.0,213.0,5919.571428571428,5999.0,5904.0,6446.0,5943.714285714285,100.42386360298667,-60.0,3,6,2,0.37850467289719625
209.0,285.0,184.0,5903.0,309.0,5916.857142857143,6058.0,5922.0,6007.0,5936.285714285715,100.60389086482556,-125.0,6,7,3,0.6741935483870968
184.0,314.0,217.0,6127.0,124.0,5941.285714285715,5903.0,5956.0,6021.0,5943.857142857143,128.5673808886626,93.0,1,7,3,1.472
107.0,215.0,230.0,6193.0,167.0,6002.285714285715,6127.0,5766.0,6061.0,5953.285714285715,132.7688646805823,63.0,2,7,3,0.6369047619047619
101.0,162.0,178.0,6239.0,205.0,6062.285714285715,6193.0,5819.0,6065.0,5965.714285714285,131.02507938776884,-27.0,3,7,3,0.49029126213592233
99.0,190.0,176.0,6214.0,196.0,6104.714285714285,6239.0,5917.0,6038.0,5978.285714285715,124.03858846573252,-20.0,6,7,3,0.5025380710659898
167.0,239.0,166.0,6346.0,163.0,6154.285714285715,6214.0,5999.0,5679.0,6025.928571428572,142.68580201000483,3.0,0,7,3,1.0182926829268293
115.0,216.0,169.0,6498.0,143.0,6217.142857142857,6346.0,6058.0,5904.0,6068.357142857143,184.10452517653334,26.0,1,7,3,0.7986111111111112
84.0,158.0,193.0,6521.0,210.0,6305.428571428572,6498.0,5903.0,5922.0,6111.142857142857,154.0831562748515,-17.0,2,7,3,0.3981042654028436
130.0,227.0,192.0,6604.0,226.0,6373.571428571428,6521.0,6127.0,5956.0,6157.428571428572,166.95993246171636,-34.0,3,7,3,0.5726872246696035
88.0,214.0,160.0,6468.0,218.0,6412.857142857143,6604.0,6193.0,5766.0,6207.571428571428,148.7508303298227,-58.0,6,7,3,0.4018264840182648
113.0,208.0,159.0,6632.0,160.0,6469.0,6468.0,6239.0,5819.0,6265.642857142857,146.34092615078424,-1.0,0,7,3,0.7018633540372671
174.0,285.0,150.0,6874.0,181.0,6563.285714285715,6632.0,6214.0,5917.0,6334.0,165.964568794793,-31.0,1,7,3,0.9560439560439561
104.0,230.0,206.0,7001.0,226.0,6656.857142857143,6874.0,6346.0,5999.0,6405.571428571428,203.45222909522002,-20.0,2,7,3,0.4581497797356828
147.0,276.0,214.0,7116.0,281.0,6745.142857142857,7001.0,6498.0,6058.0,6481.142857142857,251.45339433742933,-67.0,3,7,3,0.5212765957446809
108.0,220.0,213.0,7052.0,276.0,6821.0,7116.0,6521.0,5903.0,6563.214285714285,252.6572117844107,-63.0,6,7,3,0.3898916967509025
180.0,280.0,146.0,7220.0,187.0,6909.0,7052.0,6604.0,6127.0,6641.285714285715,271.083627933042,-41.0,0,7,3,0.9574468085106383
134.0,294.0,186.0,7510.0,136.0,7057.857142857143,7220.0,6468.0,6193.0,6735.357142857143,274.6297074070542,50.0,1,7,3,0.9781021897810219
202.0,313.0,158.0,7647.0,215.0,7202.857142857143,7510.0,6632.0,6239.0,6835.928571428572,280.20494200463156,-57.0,2,7,3,0.9351851851851852
110.0,272.0,193.0,7754.0,259.0,7328.571428571428,7647.0,6874.0,6214.0,6945.928571428572,304.43163279729947,-66.0,3,7,3,0.4230769230769231
166.0,277.0,229.0,7671.0,305.0,7424.285714285715,7754.0,7001.0,6346.0,7040.571428571428,289.2223563775511,-76.0,6,7,3,0.5424836601307189
136.0,276.0,178.0,7800.0,220.0,7522.0,7671.0,7116.0,6498.0,7133.571428571428,283.1907484364783,-42.0,0,7,3,0.6153846153846154
87.0,246.0,173.0,8103.0,168.0,7672.142857142857,7800.0,7052.0,6521.0,7246.571428571428,270.8144682074619,5.0,1,8,3,0.514792899408284
84.0,171.0,157.0,8261.0,271.0,7820.857142857143,8103.0,7220.0,6604.0,7364.928571428572,266.94283318810375,-114.0,2,8,3,0.3088235294117647
167.0,209.0,157.0,8294.0,339.0,7932.857142857143,8261.0,7510.0,6468.0,7495.357142857143,278.9787498308063,-182.0,3,8,3,0.49117647058823527
109.0,245.0,159.0,8298.0,322.0,8025.857142857143,8294.0,7647.0,6632.0,7614.357142857143,276.2990098736522,-163.0,6,8,3,0.33746130030959753
156.0,256.0,176.0,8493.0,202.0,8131.428571428572,8298.0,7754.0,6874.0,7730.0,295.61960757191184,-26.0,0,8,3,0.7684729064039408
125.0,232.0,192.0,8725.0,207.0,8282.0,8493.0,7671.0,7001.0,7853.142857142857,290.39513310893125,-15.0,1,8,3,0.6009615384615384
118.0,139.0,168.0,8888.0,251.0,8437.42857142857,8725.0,7800.0,7116.0,7979.714285714285,280.41092295826917,-83.0,2,8,3,0.46825396825396826
142.0,235.0,139.0,8914.0,353.0,8553.285714285714,8888.0,8103.0,7052.0,8112.714285714285,286.6761903180355,-214.0,3,8,3,0.4011299435028249
148.0,245.0,175.0,9634.0,288.0,8749.42857142857,8914.0,8261.0,7220.0,8285.142857142857,466.60256362452577,-113.0,2,8,3,0.5121107266435986
119.0,219.0,210.0,9694.0,407.0,8949.42857142857,9634.0,8294.0,7510.0,8441.142857142857,534.0267961887765,-197.0,3,8,3,0.2916666666666667
105.0,210.0,149.0,9483.0,390.0,9118.714285714286,9694.0,8298.0,7647.0,8572.285714285714,477.9894400109037,-241.0,6,8,3,0.26854219948849106
143.0,203.0,163.0,9668.0,281.0,9286.57142857143,9483.0,8493.0,7754.0,8709.0,425.01131637599264,-118.0,0,8,3,0.5070921985815603
119.0,209.0,152.0,9921.0,230.0,9457.42857142857,9668.0,8725.0,7671.0,8869.714285714286,401.37258548758666,-78.0,1,8,3,0.5151515151515151
155.0,212.0,181.0,10071.0,285.0,9626.42857142857,9921.0,8888.0,7800.0,9031.92857142857,369.4350899878431,-104.0,2,8,3,0.541958041958042
109.0,214.0,173.0,10026.0,443.0,9785.285714285714,10071.0,8914.0,8103.0,9169.285714285714,221.49019111903624,-270.0,3,8,3,0.24549549549549549
191.0,283.0,192.0,9873.0,488.0,9819.42857142857,10026.0,9634.0,8261.0,9284.42857142857,212.52204367467854,-296.0,6,8,3,0.39059304703476483
170.0,297.0,196.0,10012.0,388.0,9864.857142857143,9873.0,9694.0,8294.0,9407.142857142857,215.21263018354597,-192.0,0,8,3,0.4370179948586118
152.0,272.0,214.0,10180.0,286.0,9964.42857142857,10012.0,9483.0,8298.0,9541.57142857143,164.31560804641688,-72.0,1,8,3,0.5296167247386759
239.0,367.0,224.0,10280.0,366.0,10051.857142857143,10180.0,9668.0,8493.0,9669.214285714286,141.54319549353713,-142.0,2,8,3,0.6512261580381471
113.0,280.0,237.0,10140.0,505.0,10083.142857142857,10280.0,9921.0,8725.0,9770.285714285714,131.65666025887916,-268.0,3,8,3,0.22332015810276679
196.0,306.0,187.0,9988.0,293.0,10071.285714285714,10140.0,10071.0,8888.0,9848.857142857143,136.57807814073627,-106.0,0,9,3,0.6666666666666666
236.0,330.0,222.0,10142.0,243.0,10087.857142857143,9988.0,10026.0,8914.0,9936.57142857143,137.2035332047076,-21.0,1,9,3,0.9672131147540983
81.0,230.0,242.0,10356.0,291.0,10156.857142857143,10142.0,9873.0,9634.0,9988.142857142857,132.51343148472108,-49.0,2,9,3,0.2773972602739726
118.0,245.0,160.0,10419.0,398.0,10215.0,10356.0,10012.0,9694.0,10039.92857142857,146.87296097891357,-238.0,3,9,3,0.2957393483709273
218.0,283.0,208.0,10282.0,382.0,10229.57142857143,10419.0,10180.0,9483.0,10097.0,147.87816735745452,-174.0,6,9,3,0.5691906005221932
132.0,243.0,183.0,10492.0,277.0,10259.857142857143,10282.0,10280.0,9668.0,10155.857142857143,178.47168643006142,-94.0,0,9,3,0.4748201438848921
224.0,315.0,152.0,10649.0,316.0,10332.57142857143,10492.0,10140.0,9921.0,10207.857142857143,220.2906089260291,-164.0,1,9,3,0.7066246056782335
167.0,326.0,213.0,10678.0,343.0,10431.142857142857,10649.0,9988.0,10071.0,10251.214285714286,193.10828445164972,-130.0,2,9,3,0.48546511627906974
209.0,353.0,232.0,10837.0,414.0,10530.42857142857,10678.0,10142.0,10026.0,10309.142857142857,198.26653537011774,-182.0,3,9,3,0.5036144578313253
153.0,253.0,286.0,10799.0,427.0,10593.714285714286,10837.0,10356.0,9873.0,10375.285714285714,203.93112749640943,-141.0,6,9,3,0.3574766355140187
180.0,337.0,219.0,10892.0,313.0,10661.285714285714,10799.0,10419.0,10012.0,10438.142857142857,214.48210048538928,-94.0,0,9,3,0.5732484076433121
133.0,287.0,189.0,11095.0,260.0,10777.42857142857,10892.0,10282.0,10180.0,10503.5,194.0110453410863,-71.0,1,9,3,0.5095785440613027
187.0,310.0,247.0,11064.0,364.0,10859.142857142857,11095.0,10492.0,10280.0,10559.5,173.08709616028477,-117.0,2,9,3,0.5123287671232877
168.0,285.0,210.0,11067.0,428.0,10918.857142857143,11064.0,10649.0,10140.0,10625.714285714286,160.1243564354514,-218.0,3,9,3,0.3916083916083916
269.0,412.0,204.0,10744.0,403.0,10928.285714285714,11067.0,10678.0,9988.0,10679.714285714286,144.78687128084584,-199.0,6,9,3,0.6658415841584159
100.0,255.0,236.0,10842.0,284.0,10929.0,10744.0,10837.0,10142.0,10729.714285714286,144.27288957640246,-48.0,0,9,3,0.3508771929824561
205.0,294.0,177.0,10978.0,332.0,10954.57142857143,10842.0,10799.0,10356.0,10774.142857142857,132.79791306471793,-155.0,1,9,3,0.6156156156156156
161.0,304.0,211.0,11017.0,331.0,10972.42857142857,10978.0,10892.0,10419.0,10816.857142857143,131.37840657560403,-120.0,2,9,3,0.48493975903614456
57.0,162.0,193.0,10984.0,447.0,10956.57142857143,11017.0,11095.0,10282.0,10867.0,120.3548325342378,-254.0,3,9,3,0.12723214285714285
80.0,122.0,152.0,10598.0,493.0,10890.0,10984.0,11064.0,10492.0,10874.57142857143,169.76552457254303,-341.0,6,10,4,0.16194331983805668
107.0,170.0,133.0,10724.0,284.0,10841.0,10598.0,11067.0,10649.0,10879.92857142857,159.34344458869228,-151.0,0,10,4,0.37543859649122807
99.0,156.0,139.0,10818.0,287.0,10851.57142857143,10724.0,10744.0,10678.0,10889.92857142857,154.2074978106088,-148.0,1,10,4,0.34375
25.0,66.0,94.0,10963.0,330.0,10868.857142857143,10818.0,10842.0,10837.0,10898.92857142857,159.64171193811808,-236.0,2,10,4,0.0755287009063444
35.0,70.0,53.0,11130.0,427.0,10890.57142857143,10963.0,10978.0,10799.0,10922.57142857143,185.2456541487807,-374.0,3,10,4,0.08177570093457943
43.0,73.0,64.0,10815.0,282.0,10861.714285714286,11130.0,11017.0,10892.0,10917.07142857143,177.85454195857594,-218.0,0,10,4,0.1519434628975265
41.0,60.0,71.0,10910.0,257.0,10851.142857142857,10815.0,10984.0,11095.0,10903.857142857143,171.45886637091533,-186.0,1,10,4,0.15891472868217055
65.0,83.0,65.0,10960.0,266.0,10902.857142857143,10910.0,10598.0,11064.0,10896.42857142857,132.56247404098627,-201.0,2,10,4,0.24344569288389514
38.0,80.0,82.0,10992.0,398.0,10941.142857142857,10960.0,10724.0,11067.0,10891.07142857143,108.88285535627077,-316.0,3,10,4,0.09523809523809523
56.0,82.0,68.0,10571.0,434.0,10905.857142857143,10992.0,10818.0,10744.0,10878.714285714286,175.24214539849476,-366.0,6,10,4,0.12873563218390804
74.0,103.0,80.0,10629.0,331.0,10858.142857142857,10571.0,10963.0,10842.0,10863.5,200.70993047314036,-251.0,0,10,4,0.22289156626506024
68.0,107.0,102.0,10630.0,315.0,10786.714285714286,10629.0,11130.0,10978.0,10838.642857142857,175.18344127026748,-213.0,1,10,4,0.21518987341772153
92.0,124.0,93.0,10511.0,393.0,10743.285714285714,10630.0,10815.0,11017.0,10802.5,202.54687875968935,-300.0,2,10,4,0.233502538071066
113.0,162.0,107.0,10319.0,406.0,10658.857142857143,10511.0,10910.0,10984.0,10755.0,240.99753011983736,-299.0,3,10,4,0.27764127764127766
106.0,196.0,131.0,9506.0,454.0,10451.142857142857,10319.0,10960.0,10598.0,10677.0,462.7553091975549,-323.0,6,10,4,0.23296703296703297
86.0,152.0,168.0,9436.0,327.0,10228.857142857143,9506.0,10992.0,10724.0,10585.0,528.6723713137662,-159.0,0,10,4,0.2621951219512195
84.0,118.0,136.0,9396.0,300.0,10061.0,9436.0,10571.0,10818.0,10483.42857142857,585.4234934359129,-164.0,1,10,4,0.27906976744186046
59.0,64.0,117.0,9351.0,293.0,9878.42857142857,9396.0,10629.0,10963.0,10368.285714285714,577.9956335310768,-176.0,2,10,4,0.20068027210884354
62.0,97.0,52.0,9235.0,390.0,9679.142857142857,9351.0,10630.0,11130.0,10232.92857142857,512.4468845878998,-338.0,3,10,4,0.1585677749360614
91.0,75.0,97.0,8925.0,418.0,9452.57142857143,9235.0,10511.0,10815.0,10097.92857142857,426.81254946519914,-321.0,6,10,4,0.2171837708830549
29.0,51.0,11.0,9026.0,278.0,9267.857142857143,8925.0,10319.0,10910.0,9963.357142857143,218.11421210878623,-267.0,0,10,4,0.1039426523297491
33.0,53.0,34.0,9072.0,295.0,9205.857142857143,9026.0,9506.0,10960.0,9828.5,200.07617596930928,-261.0,1,10,4,0.11148648648648649
132.0,235.0,197.0,9250.0,279.0,9179.285714285714,9072.0,9436.0,10992.0,9704.07142857143,175.22529715178123,-82.0,2,11,4,0.4714285714285714
174.0,208.0,256.0,9442.0,330.0,9185.857142857143,9250.0,9396.0,10571.0,9623.42857142857,185.281253388378,-74.0,3,11,4,0.525679758308157
123.0,230.0,167.0,9273.0,370.0,9174.714285714286,9442.0,9351.0,10629.0,9526.57142857143,175.7969608059156,-203.0,6,11,4,0.33153638814016173
123.0,233.0,159.0,9286.0,316.0,9182.0,9273.0,9235.0,10630.0,9430.57142857143,179.72478960907242,-157.0,0,11,4,0.38801261829652994
141.0,232.0,188.0,9483.0,231.0,9261.714285714286,9286.0,8925.0,10511.0,9357.142857142857,170.23387274158577,-43.0,1,11,4,0.6077586206896551
158.0,226.0,191.0,9634.0,310.0,9348.57142857143,9483.0,9026.0,10319.0,9308.214285714286,184.43775566384073,-119.0,2,11,4,0.5080385852090032
96.0,160.0,233.0,9477.0,313.0,9406.42857142857,9634.0,9072.0,9506.0,9306.142857142857,141.81779054235741,-80.0,6,11,4,0.3057324840764331
141.0,173.0,129.0,9510.0,287.0,9443.57142857143,9477.0,9250.0,9436.0,9311.42857142857,127.32747431060113,-158.0,0,11,4,0.4895833333333333
116.0,181.0,182.0,9665.0,247.0,9475.42857142857,9510.0,9442.0,9396.0,9330.642857142857,152.31421157479323,-65.0,1,11,4,0.46774193548387094
150.0,157.0,201.0,9762.0,316.0,9545.285714285714,9665.0,9273.0,9351.0,9360.0,156.08941271571942,-115.0,2,11,4,0.47318611987381703
80.0,176.0,125.0,9762.0,374.0,9613.285714285714,9762.0,9286.0,9235.0,9397.642857142857,124.86754887455625,-249.0,3,11,4,0.21333333333333335
116.0,188.0,164.0,9573.0,435.0,9626.142857142857,9762.0,9483.0,8925.0,9443.92857142857,113.31582497829422,-271.0,6,11,4,0.26605504587155965
105.0,185.0,158.0,9638.0,298.0,9626.714285714286,9573.0,9634.0,9026.0,9487.642857142857,113.37212221385522,-140.0,0,11,4,0.3511705685618729
136.0,246.0,123.0,9804.0,250.0,9673.42857142857,9638.0,9477.0,9072.0,9539.92857142857,108.67360480350563,-127.0,1,11,4,0.5418326693227091
128.0,228.0,177.0,9838.0,283.0,9720.285714285714,9804.0,9510.0,9250.0,9581.92857142857,96.49302960287747,-106.0,3,11,4,0.4507042253521127
90.0,196.0,205.0,9845.0,312.0,9746.0,9838.0,9665.0,9442.0,9610.714285714286,103.06470459556374,-107.0,6,11,4,0.28753993610223644
56.0,82.0,68.0,10123.0,214.0,9797.57142857143,9845.0,9762.0,9273.0,9671.42857142857,176.53598041473214,-146.0,0,11,4,0.26046511627906976
74.0,103.0,80.0,10223.0,223.0,9863.42857142857,10123.0,9762.0,9286.0,9738.357142857143,236.76771819864223,-143.0,1,11,4,0.33035714285714285
68.0,107.0,102.0,10398.0,284.0,9981.285714285714,10223.0,9573.0,9483.0,9803.714285714286,270.96722697639836,-182.0,2,11,4,0.23859649122807017
92.0,124.0,93.0,10536.0,320.0,10109.57142857143,10398.0,9638.0,9634.0,9868.142857142857,293.0306338610268,-227.0,3,11,4,0.2866043613707165
132.0,235.0,197.0,10579.0,417.0,10220.285714285714,10536.0,9804.0,9477.0,9946.857142857143,304.51804231487245,-220.0,6,12,4,0.3157894736842105
174.0,208.0,256.0,10635.0,273.0,10334.142857142857,10579.0,9838.0,9510.0,10027.214285714286,286.20763358767266,-17.0,0,12,4,0.635036496350365
123.0,230.0,167.0,10761.0,261.0,10465.0,10635.0,9845.0,9665.0,10105.5,228.97234185241885,-94.0,1,12,4,0.46946564885496184
123.0,233.0,159.0,10832.0,376.0,10566.285714285714,10761.0,10123.0,9762.0,10181.92857142857,208.36003638402877,-217.0,2,12,4,0.32625994694960214
141.0,232.0,188.0,10897.0,466.0,10662.57142857143,10832.0,10223.0,9762.0,10263.0,176.5945045794729,-278.0,3,12,4,0.3019271948608137
158.0,226.0,191.0,10871.0,411.0,10730.142857142857,10897.0,10398.0,9573.0,10355.714285714286,146.39948607785828,-220.0,6,12,4,0.38349514563106796
96.0,160.0,233.0,10998.0,304.0,10796.142857142857,10871.0,10536.0,9638.0,10452.857142857143,148.4143171121378,-71.0,0,12,4,0.31475409836065577
141.0,173.0,129.0,11077.0,259.0,10867.285714285714,10998.0,10579.0,9804.0,10543.785714285714,146.32237728827405,-130.0,1,12,4,0.5423076923076923
116.0,181.0,182.0,11192.0,335.0,10946.857142857143,11077.0,10635.0,9838.0,10640.5,150.34563353774146,-153.0,2,12,4,0.34523809523809523
150.0,157.0,201.0,11242.0,396.0,11015.57142857143,11192.0,10761.0,9845.0,10740.285714285714,160.79889836171816,-195.0,3,12,4,0.3778337531486146
80.0,176.0,125.0,11092.0,456.0,11052.714285714286,11242.0,10832.0,10123.0,10809.5,140.01394488393572,-331.0,6,12,4,0.175054704595186
116.0,188.0,164.0,11149.0,364.0,11088.714285714286,11092.0,10897.0,10223.0,10875.642857142857,124.88356481924416,-200.0,0,12,4,0.3178082191780822
105.0,185.0,158.0,11291.0,272.0,11148.714285714286,11149.0,10871.0,10398.0,10939.42857142857,101.5672425635513,-114.0,1,12,4,0.38461538461538464
136.0,246.0,123.0,11516.0,390.0,11222.714285714286,11291.0,10998.0,10536.0,11009.42857142857,150.41466493873244,-267.0,2,12,4,0.34782608695652173
128.0,228.0,177.0,11375.0,497.0,11265.285714285714,11516.0,11077.0,10579.0,11066.285714285714,144.3487839527295,-320.0,3,12,4,0.2570281124497992
90.0,196.0,205.0,11144.0,347.0,11258.42857142857,11375.0,11192.0,10635.0,11102.642857142857,149.45998031026886,-142.0,0,12,4,0.25862068965517243
56.0,82.0,68.0,11217.0,288.0,11254.857142857143,11144.0,11242.0,10761.0,11135.214285714286,150.2147668857372,-220.0,1,12,4,0.19377162629757785
74.0,103.0,80.0,11206.0,335.0,11271.142857142857,11217.0,11092.0,10832.0,11161.92857142857,135.02768675548225,-255.0,2,12,4,0.22023809523809523
68.0,107.0,102.0,11230.0,357.0,11282.714285714286,11206.0,11149.0,10897.0,11185.714285714286,125.98374800729401,-255.0,3,12,4,0.18994413407821228
92.0,124.0,93.0,10870.0,290.0,11222.57142857143,11230.0,11291.0,10871.0,11185.642857142857,200.07320088993765,-197.0,0,1,1,0.3161512027491409
113.0,162.0,107.0,10770.0,316.0,11116.0,10870.0,11516.0,10998.0,11169.357142857143,215.79079374877094,-209.0,1,1,1,0.35646687697160884
106.0,196.0,131.0,10718.0,263.0,11022.142857142857,10770.0,11375.0,11077.0,11143.714285714286,226.95552322837585,-132.0,2,1,1,0.4015151515151515
86.0,152.0,168.0,10558.0,362.0,10938.42857142857,10718.0,11144.0,11192.0,11098.42857142857,277.0606775557908,-194.0,3,1,1,0.2369146005509642
84.0,118.0,136.0,9670.0,367.0,10717.42857142857,10558.0,11217.0,11242.0,10986.142857142857,524.4040608611549,-231.0,6,1,1,0.22826086956521738
59.0,64.0,117.0,9670.0,367.0,10498.0,9670.0,11206.0,11092.0,10884.57142857143,601.5757087294833,-250.0,0,1,1,0.16032608695652173
62.0,97.0,52.0,9311.0,286.0,10223.857142857143,9670.0,11230.0,11149.0,10753.285714285714,647.8714966646689,-234.0,1,1,1,0.21602787456445993
91.0,75.0,97.0,9144.0,349.0,9977.285714285714,9311.0,10870.0,11291.0,10599.92857142857,688.1658507186158,-252.0,2,1,1,0.26
29.0,51.0,11.0,8829.0,476.0,9700.0,9144.0,10770.0,11516.0,10408.0,706.3268837207751,-465.0,3,1,1,0.06079664570230608
33.0,53.0,34.0,8033.0,234.0,9316.42857142857,8829.0,10718.0,11375.0,10169.285714285714,785.9242663138617,-200.0,0,1,1,0.14042553191489363
32.0,49.0,39.0,8133.0,188.0,8970.0,8033.0,10558.0,11144.0,9954.214285714286,673.9159195824737,-149.0,1,1,1,0.1693121693121693
80.0,176.0,125.0,8072.0,353.0,8741.714285714286,8133.0,9670.0,11217.0,9729.57142857143,667.9046125223219,-228.0,2,1,1,0.22598870056497175
116.0,188.0,164.0,8042.0,359.0,8509.142857142857,8072.0,9670.0,11206.0,9503.57142857143,566.5449168928815,-195.0,3,1,1,0.32222222222222224
105.0,185.0,158.0,7974.0,371.0,8318.142857142857,8042.0,9311.0,11230.0,9271.0,467.95207324806285,-213.0,6,1,1,0.28225806451612906
136.0,246.0,123.0,8008.0,222.0,8155.857142857143,7974.0,9144.0,10870.0,9066.57142857143,301.01684812840443,-99.0,0,1,1,0.6098654708520179
128.0,228.0,177.0,8133.0,202.0,8056.428571428572,8008.0,8829.0,10770.0,8878.214285714286,60.3679195790343,-25.0,1,1,1,0.6305418719211823
90.0,196.0,205.0,8212.0,243.0,8082.0,8133.0,8033.0,10718.0,8699.214285714286,82.60548811478549,-38.0,2,1,1,0.36885245901639346
102.0,189.0,155.0,8180.0,293.0,8088.714285714285,8212.0,8133.0,10558.0,8529.357142857143,89.09679060018645,-138.0,3,1,1,0.3469387755102041
120.0,257.0,126.0,8004.0,307.0,8079.0,8180.0,8072.0,9670.0,8410.357142857143,94.75054969065847,-181.0,6,1,1,0.38961038961038963
137.0,272.0,166.0,8057.0,195.0,8081.142857142857,8004.0,8042.0,9670.0,8295.142857142857,93.94045733242318,-29.0,0,1,1,0.6989795918367347
93.0,198.0,208.0,8182.0,187.0,8110.857142857143,8057.0,7974.0,9311.0,8214.5,87.04487074966072,21.0,1,1,1,0.4946808510638298
203.0,477.0,258.0,8153.0,266.0,8131.571428571428,8182.0,8008.0,9144.0,8143.714285714285,74.89293946006003,-8.0,2,1,1,0.7602996254681648
222.0,459.0,289.0,8026.0,337.0,8116.285714285715,8153.0,8133.0,8829.0,8086.357142857143,84.81492456276246,-48.0,3,2,1,0.6568047337278107
253.0,531.0,248.0,7813.0,342.0,8059.285714285715,8026.0,8212.0,8033.0,8070.642857142857,131.17382143014063,-94.0,6,2,1,0.7376093294460642
157.0,466.0,345.0,7872.0,242.0,8015.285714285715,7813.0,8180.0,8133.0,8052.0,135.5184050055658,103.0,0,2,1,0.6460905349794238
291.0,455.0,323.0,8045.0,178.0,8021.142857142857,7872.0,8004.0,8072.0,8050.071428571428,135.83498392224809,145.0,1,2,1,1.6256983240223464
227.0,453.0,330.0,8160.0,222.0,8035.857142857143,8045.0,8057.0,8042.0,8058.5,145.59467546522518,108.0,2,2,1,1.0179372197309418
298.0,499.0,358.0,8188.0,315.0,8036.714285714285,8160.0,8182.0,7974.0,8073.785714285715,146.61254412652707,43.0,3,2,1,0.9430379746835443
205.0,515.0,226.0,8056.0,347.0,8022.857142857143,8188.0,8153.0,8008.0,8077.214285714285,138.1284771163816,-121.0,6,2,1,0.5890804597701149
213.0,430.0,440.0,8092.0,234.0,8032.285714285715,8056.0,8026.0,8133.0,8074.285714285715,140.60904935998767,206.0,0,2,1,0.9063829787234042
227.0,369.0,349.0,8348.0,160.0,8108.714285714285,8092.0,7813.0,8212.0,8084.0,146.81361685911094,189.0,1,2,1,1.4099378881987579
185.0,322.0,272.0,8512.0,230.0,8200.142857142857,8348.0,7872.0,8180.0,8107.714285714285,171.95777444039328,42.0,2,2,1,0.8008658008658008
333.0,508.0,272.0,8463.0,312.0,8259.857142857143,8512.0,8045.0,8004.0,8140.5,181.420715990468,-40.0,3,2,1,1.0638977635782747
249.0,420.0,371.0,8380.0,218.0,8291.285714285714,8463.0,8160.0,8057.0,8163.571428571428,180.2911666220037,153.0,0,2,1,1.1369863013698631
149.0,395.0,273.0,8488.0,192.0,8334.142857142857,8380.0,8188.0,8182.0,8185.428571428572,187.17231683797453,81.0,1,2,1,0.772020725388601
232.0,430.0,318.0,8573.0,231.0,8408.0,8488.0,8056.0,8153.0,8215.42857142857,159.0104818348567,87.0,2,2,1,1.0
165.0,400.0,292.0,8607.0,293.0,8481.57142857143,8573.0,8092.0,8026.0,8256.92857142857,94.4825506692809,-1.0,3,2,1,0.5612244897959183
244.0,482.0,366.0,8404.0,329.0,8489.57142857143,8607.0,8348.0,7813.0,8299.142857142857,82.95552451548951,37.0,6,2,1,0.7393939393939394
199.0,438.0,326.0,8404.0,329.0,8474.142857142857,8404.0,8512.0,7872.0,8337.142857142857,87.97997607692886,-3.0,0,2,1,0.603030303030303
197.0,369.0,306.0,8650.0,206.0,8500.857142857143,8404.0,8463.0,8045.0,8380.357142857143,109.73366024377925,100.0,1,2,1,0.9516908212560387
209.0,447.0,274.0,8699.0,257.0,8546.42857142857,8650.0,8380.0,8160.0,8418.857142857143,117.1649224283461,17.0,2,2,1,0.810077519379845
262.0,444.0,354.0,8724.0,299.0,8580.142857142857,8699.0,8488.0,8188.0,8457.142857142857,130.72034854540055,55.0,3,2,1,0.8733333333333333
236.0,468.0,347.0,8594.0,354.0,8583.142857142857,8724.0,8573.0,8056.0,8495.57142857143,130.77006356131753,-7.0,6,3,1,0.6647887323943662
225.0,509.0,340.0,8660.0,229.0,8590.714285714286,8594.0,8607.0,8092.0,8536.142857142857,133.87894318597287,111.0,0,3,1,0.9782608695652174
246.0,472.0,345.0,8800.0,214.0,8647.285714285714,8660.0,8404.0,8348.0,8568.42857142857,125.21809545186784,131.0,1,3,1,1.1441860465116278
230.0,457.0,277.0,8870.0,232.0,8713.857142857143,8800.0,8404.0,8512.0,8594.0,94.4006154137673,45.0,2,3,1,0.9871244635193133
181.0,424.0,328.0,8902.0,305.0,8749.857142857143,8870.0,8650.0,8463.0,8625.357142857143,112.3364419522807,23.0,3,3,1,0.5915032679738562
190.0,368.0,326.0,8714.0,373.0,8752.0,8902.0,8699.0,8380.0,8649.214285714286,111.34331292608137,-47.0,6,3,1,0.5080213903743316
178.0,336.0,290.0,8757.0,253.0,8756.714285714286,8714.0,8724.0,8488.0,8668.42857142857,110.65669777255567,37.0,0,3,1,0.7007874015748031
154.0,294.0,290.0,8843.0,213.0,8792.285714285714,8757.0,8594.0,8573.0,8687.714285714286,87.16022465509607,77.0,1,3,1,0.719626168224299
165.0,358.0,167.0,8819.0,239.0,8815.0,8843.0,8660.0,8607.0,8702.857142857143,64.78682993753769,-72.0,2,3,1,0.6875
166.0,301.0,252.0,8695.0,310.0,8800.0,8819.0,8800.0,8404.0,8723.642857142857,79.35573913306693,-58.0,3,3,1,0.5337620578778135
127.0,260.0,259.0,8373.0,342.0,8729.0,8695.0,8870.0,8404.0,8721.42857142857,173.16947383037368,-83.0,6,3,1,0.37026239067055394
123.0,243.0,188.0,8333.0,283.0,8647.714285714286,8373.0,8902.0,8650.0,8698.785714285714,208.391230050418,-95.0,0,3,1,0.43309859154929575
99.0,202.0,256.0,8390.0,197.0,8601.42857142857,8333.0,8714.0,8699.0,8676.714285714286,226.41691422603628,59.0,1,3,1,0.5
91.0,181.0,174.0,8365.0,227.0,8545.42857142857,8390.0,8757.0,8724.0,8651.07142857143,229.97525746836314,-53.0,2,3,1,0.3991228070175439
132.0,261.0,141.0,8292.0,235.0,8466.714285714286,8365.0,8843.0,8594.0,8629.5,203.97607235962374,-94.0,3,3,1,0.559322033898305
124.0,264.0,221.0,7899.0,373.0,8335.285714285714,8292.0,8819.0,8660.0,8575.142857142857,233.42287397608996,-152.0,6,3,1,0.3315508021390374
128.0,242.0,224.0,7899.0,229.0,8221.57142857143,7899.0,8695.0,8800.0,8510.785714285714,222.6176521474383,-5.0,0,3,1,0.5565217391304348
187.0,276.0,200.0,7919.0,208.0,8156.714285714285,7899.0,8373.0,8870.0,8442.857142857143,236.82814745842572,-8.0,1,3,1,0.8947368421052632
129.0,287.0,185.0,7893.0,215.0,8093.857142857143,7919.0,8333.0,8902.0,8370.785714285714,240.60231958668695,-30.0,2,3,1,0.5972222222222222
161.0,288.0,248.0,7762.0,360.0,8004.142857142857,7893.0,8390.0,8714.0,8302.785714285714,228.55519287579915,-112.0,3,3,1,0.44598337950138506
105.0,254.0,151.0,7257.0,287.0,7845.857142857143,7762.0,8365.0,8757.0,8195.642857142857,307.1505757612916,-136.0,6,3,1,0.3645833333333333
109.0,235.0,171.0,7271.0,172.0,7700.0,7257.0,8292.0,8843.0,8083.357142857143,302.3645702349222,-1.0,0,4,2,0.630057803468208
101.0,230.0,175.0,7340.0,132.0,7620.142857142857,7271.0,7899.0,8819.0,7977.714285714285,314.6174547878077,43.0,1,4,2,0.7593984962406015
124.0,230.0,190.0,7346.0,163.0,7541.142857142857,7340.0,7899.0,8695.0,7881.357142857143,302.1067298000675,27.0,2,4,2,0.7560975609756098
95.0,226.0,152.0,7317.0,225.0,7455.142857142857,7346.0,7919.0,8373.0,7805.928571428572,259.2626908314366,-73.0,3,4,2,0.42035398230088494
106.0,239.0,233.0,6982.0,279.0,7325.0,7317.0,7893.0,8333.0,7709.428571428572,229.81441788251672,-46.0,6,4,2,0.37857142857142856
102.0,230.0,167.0,6988.0,199.0,7214.428571428572,6982.0,7762.0,8390.0,7609.285714285715,160.15914704120095,-32.0,0,4,2,0.51
118.0,231.0,217.0,7043.0,130.0,7183.857142857143,6988.0,7257.0,8365.0,7514.857142857143,170.75267550023528,87.0,1,4,2,0.9007633587786259
117.0,244.0,142.0,6999.0,227.0,7145.0,7043.0,7271.0,8292.0,7422.5,178.39469349360954,-85.0,2,4,2,0.5131578947368421
183.0,221.0,220.0,6912.0,285.0,7083.857142857143,6999.0,7340.0,7899.0,7352.0,173.7061009976947,-65.0,3,4,2,0.6398601398601399
128.0,245.0,243.0,6630.0,290.0,6981.571428571428,6912.0,7346.0,7899.0,7261.357142857143,202.1029911892201,-47.0,6,4,2,0.43986254295532645
144.0,303.0,176.0,6681.0,191.0,6890.714285714285,6630.0,7317.0,7919.0,7172.928571428572,165.89124377710505,-15.0,0,4,2,0.75
219.0,392.0,205.0,6685.0,163.0,6848.285714285715,6681.0,6982.0,7893.0,7086.642857142857,176.3062811187239,42.0,1,4,2,1.3353658536585367
182.0,371.0,274.0,6725.0,227.0,6810.714285714285,6685.0,6988.0,7762.0,7012.571428571428,169.4606289434633,47.0,2,4,2,0.7982456140350878
144.0,322.0,258.0,6728.0,260.0,6765.714285714285,6725.0,7043.0,7257.0,6974.785714285715,136.0217069511838,-2.0,3,4,2,0.5517241379310345
208.0,380.0,343.0,6745.0,240.0,6729.428571428572,6728.0,6999.0,7271.0,6937.214285714285,89.25778610833343,103.0,6,4,2,0.8630705394190872
176.0,424.0,251.0,6799.0,214.0,6713.285714285715,6745.0,6912.0,7340.0,6898.571428571428,53.9836836020529,37.0,0,4,2,0.8186046511627907
252.0,427.0,307.0,6967.0,134.0,6761.428571428572,6799.0,6630.0,7346.0,6871.5,98.90712334118355,173.0,1,4,2,1.8666666666666667
253.0,411.0,307.0,7128.0,154.0,6825.285714285715,6967.0,6681.0,7317.0,6858.0,162.30497454457355,153.0,2,4,2,1.632258064516129
145.0,357.0,333.0,7209.0,217.0,6900.142857142857,7128.0,6685.0,6982.0,6874.214285714285,202.64453983224038,116.0,3,4,2,0.6651376146788991
158.0,349.0,365.0,7298.0,250.0,6982.0,7209.0,6725.0,6988.0,6896.357142857143,233.48804394803318,115.0,6,4,2,0.6294820717131474
140.0,292.0,255.0,7373.0,187.0,7074.142857142857,7298.0,6728.0,7043.0,6919.928571428572,243.59558601054894,68.0,0,4,2,0.7446808510638298
220.0,443.0,194.0,7431.0,135.0,7172.142857142857,7373.0,6745.0,6999.0,6950.785714285715,226.50123514856168,59.0,1,4,2,1.6176470588235294
197.0,437.0,295.0,7508.0,190.0,7273.428571428572,7431.0,6799.0,6912.0,6993.357142857143,186.89110656824082,105.0,2,5,2,1.031413612565445
206.0,411.0,293.0,7577.0,194.0,7360.571428571428,7508.0,6967.0,6630.0,7061.0,160.5561761948218,99.0,3,5,2,1.0564102564102564
150.0,315.0,228.0,7447.0,332.0,7406.142857142857,7577.0,7128.0,6681.0,7115.714285714285,124.84180465891117,-104.0,6,5,2,0.45045045045045046
173.0,337.0,211.0,7449.0,205.0,7440.428571428572,7447.0,7209.0,6685.0,7170.285714285715,89.68065035244247,6.0,0,5,2,0.8398058252427184
176.0,334.0,246.0,7566.0,163.0,7478.714285714285,7449.0,7298.0,6725.0,7230.357142857143,74.69652889251202,83.0,1,5,2,1.0731707317073171
167.0,374.0,205.0,7583.0,202.0,7508.714285714285,7566.0,7373.0,6728.0,7291.428571428572,66.92960054109264,3.0,2,5,2,0.8226600985221675
138.0,285.0,268.0,7570.0,244.0,7528.571428571428,7583.0,7431.0,6745.0,7350.357142857143,60.32372983305508,24.0,3,5,2,0.563265306122449
138.0,301.0,263.0,7464.0,245.0,7522.285714285715,7570.0,7508.0,6799.0,7397.857142857143,64.94026559275116,18.0,6,5,2,0.5609756097560976
112.0,331.0,167.0,7499.0,157.0,7511.142857142857,7464.0,7577.0,6967.0,7435.857142857143,60.529410403772765,10.0,0,5,2,0.7088607594936709
246.0,419.0,218.0,7546.0,186.0,7525.285714285715,7499.0,7447.0,7128.0,7465.714285714285,54.288471108119154,32.0,1,5,2,1.3155080213903743
115.0,285.0,341.0,7589.0,265.0,7545.285714285715,7546.0,7449.0,7209.0,7492.857142857143,46.76791737139164,76.0,2,5,2,0.4323308270676692
206.0,340.0,214.0,7565.0,234.0,7545.142857142857,7589.0,7566.0,7298.0,7511.928571428572,46.69556928120063,-20.0,3,5,2,0.8765957446808511
143.0,295.0,278.0,7356.0,298.0,7512.714285714285,7565.0,7583.0,7373.0,7510.714285714285,81.71436896444186,-20.0,6,5,2,0.4782608695652174
111.0,268.0,217.0,7368.0,192.0,7483.857142857143,7356.0,7570.0,7431.0,7506.214285714285,93.00076804608312,25.0,0,5,2,0.5751295336787565
196.0,348.0,176.0,7404.0,145.0,7475.285714285715,7368.0,7464.0,7508.0,7498.785714285715,97.77817460246344,31.0,1,5,2,1.3424657534246576
168.0,349.0,272.0,7474.0,208.0,7471.714285714285,7404.0,7499.0,7577.0,7491.428571428572,97.22262131446801,64.0,2,5,2,0.8038277511961722
193.0,272.0,314.0,7494.0,227.0,7464.285714285715,7474.0,7546.0,7447.0,7494.785714285715,92.47110230727776,87.0,3,5,2,0.8464912280701754
156.0,344.0,252.0,7365.0,167.0,7432.285714285715,7494.0,7589.0,7449.0,7488.785714285715,80.04314312870697,85.0,0,5,2,0.9285714285714286
153.0,348.0,239.0,7418.0,151.0,7411.285714285715,7365.0,7565.0,7566.0,7478.214285714285,54.689164940803565,88.0,1,5,2,1.006578947368421
182.0,462.0,158.0,7491.0,141.0,7430.571428571428,7418.0,7356.0,7583.0,7471.642857142857,55.73705273547318,17.0,2,5,2,1.2816901408450705
167.0,406.0,339.0,7563.0,190.0,7458.428571428572,7491.0,7368.0,7570.0,7471.142857142857,66.87016560198738,149.0,3,5,2,0.8743455497382199
159.0,330.0,322.0,7546.0,306.0,7478.714285714285,7563.0,7404.0,7464.0,7477.0,69.10792112285793,16.0,6,6,2,0.5179153094462541
109.0,244.0,257.0,7596.0,224.0,7496.142857142857,7546.0,7474.0,7499.0,7483.928571428572,81.91749624161358,33.0,0,6,2,0.48444444444444446
260.0,356.0,176.0,7565.0,203.0,7506.285714285715,7596.0,7494.0,7546.0,7485.285714285715,85.90637206822008,-27.0,1,6,2,1.2745098039215685
173.0,345.0,291.0,7691.0,198.0,7552.857142857143,7565.0,7365.0,7589.0,7492.571428571428,84.9066714526138,93.0,2,6,2,0.8693467336683417
179.0,326.0,282.0,7741.0,238.0,7599.0,7691.0,7418.0,7565.0,7505.142857142857,87.14164714237643,44.0,3,6,2,0.7489539748953975
116.0,289.0,166.0,7451.0,312.0,7593.285714285715,7741.0,7491.0,7356.0,7511.928571428572,96.24052210611596,-146.0,6,6,2,0.3706070287539936
184.0,334.0,229.0,7439.0,212.0,7575.571428571428,7451.0,7563.0,7368.0,7517.0,112.7413812565668,17.0,0,6,2,0.863849765258216
186.0,352.0,224.0,7493.0,156.0,7568.0,7439.0,7546.0,7404.0,7523.357142857143,116.76614806249607,68.0,1,6,2,1.1847133757961783
152.0,266.0,274.0,7548.0,212.0,7561.142857142857,7493.0,7596.0,7474.0,7528.642857142857,116.25608023022085,62.0,2,6,2,0.7136150234741784
167.0,293.0,230.0,7544.0,259.0,7558.142857142857,7548.0,7565.0,7494.0,7532.214285714285,116.41080787665516,-29.0,3,6,2,0.6423076923076924
204.0,315.0,233.0,7307.0,294.0,7503.285714285715,7544.0,7691.0,7365.0,7528.071428571428,132.7060841179619,-61.0,6,6,2,0.6915254237288135
159.0,310.0,272.0,7318.0,224.0,7442.857142857143,7307.0,7741.0,7418.0,7520.928571428572,98.25719409027717,48.0,0,6,2,0.7066666666666667
160.0,297.0,253.0,7340.0,214.0,7427.0,7318.0,7451.0,7491.0,7510.142857142857,105.41979573757186,39.0,1,6,2,0.7441860465116279
204.0,321.0,246.0,7433.0,198.0,7426.142857142857,7340.0,7439.0,7563.0,7500.857142857143,105.33031942652704,48.0,2,6,2,1.0251256281407035
145.0,247.0,243.0,7431.0,235.0,7417.285714285715,7433.0,7493.0,7546.0,7492.642857142857,101.30106002368728,8.0,3,6,2,0.614406779661017
102.0,227.0,201.0,7247.0,294.0,7374.285714285715,7431.0,7548.0,7596.0,7467.714285714285,100.44851796777395,-93.0,6,6,2,0.34576271186440677
116.0,175.0,172.0,7239.0,202.0,7330.714285714285,7247.0,7544.0,7565.0,7444.428571428572,78.26177075636427,-30.0,0,6,2,0.5714285714285714
172.0,263.0,191.0,7239.0,202.0,7321.0,7239.0,7307.0,7691.0,7412.142857142857,85.57452892079996,-11.0,1,6,2,0.8472906403940886
132.0,235.0,197.0,7268.0,187.0,7313.857142857143,7239.0,7318.0,7741.0,7378.357142857143,87.92123098068859,10.0,2,6,2,0.7021276595744681
174.0,208.0,256.0,7248.0,268.0,7300.714285714285,7268.0,7340.0,7451.0,7363.857142857143,90.20848867256339,-12.0,3,6,2,0.6468401486988847
123.0,230.0,167.0,6874.0,273.0,7220.857142857143,7248.0,7433.0,7439.0,7323.5,167.71546198991803,-106.0,6,6,2,0.4489051094890511
123.0,233.0,159.0,6825.0,229.0,7134.285714285715,6874.0,7431.0,7493.0,7275.785714285715,195.29952575958558,-70.0,0,7,3,0.5347826086956522
141.0,232.0,188.0,6823.0,184.0,7073.714285714285,6825.0,7247.0,7548.0,7224.0,218.84676091255764,4.0,1,7,3,0.7621621621621621
158.0,226.0,191.0,6790.0,225.0,7009.571428571428,6823.0,7239.0,7544.0,7170.142857142857,227.93921495499245,-34.0,3,7,3,0.6991150442477876
96.0,160.0,233.0,6599.0,213.0,6918.142857142857,6790.0,7239.0,7307.0,7119.571428571428,248.04396691679653,20.0,6,7,3,0.4485981308411215
141.0,173.0,129.0,6617.0,123.0,6825.142857142857,6599.0,7268.0,7318.0,7069.5,214.82506726129427,6.0,0,7,3,1.1370967741935485
116.0,181.0,182.0,6651.0,130.0,6739.857142857143,6617.0,7248.0,7340.0,7020.285714285715,113.65214262748607,52.0,1,7,3,0.8854961832061069
150.0,157.0,201.0,6649.0,177.0,6707.714285714285,6651.0,6874.0,7433.0,6964.285714285715,100.44022150138134,24.0,2,7,3,0.8426966292134831
80.0,176.0,125.0,6640.0,197.0,6681.285714285715,6649.0,6825.0,7431.0,6907.785714285715,88.0051405425436,-72.0,3,7,3,0.40404040404040403
116.0,188.0,164.0,6308.0,237.0,6607.714285714285,6640.0,6823.0,7247.0,6840.714285714285,145.96770680043753,-73.0,6,7,3,0.48739495798319327
105.0,185.0,158.0,6283.0,171.0,6535.285714285715,6308.0,6790.0,7239.0,6772.428571428572,164.9896100625052,-13.0,0,7,3,0.6104651162790697
136.0,246.0,123.0,6239.0,173.0,6483.857142857143,6283.0,6599.0,7239.0,6701.0,195.16696148976706,-50.0,1,7,3,0.7816091954022989
128.0,228.0,177.0,6228.0,187.0,6428.285714285715,6239.0,6617.0,7268.0,6626.714285714285,206.0175674432709,-10.0,2,7,3,0.6808510638297872
90.0,196.0,205.0,6058.0,262.0,6343.571428571428,6228.0,6651.0,7248.0,6541.714285714285,220.58018734152546,-57.0,6,7,3,0.34220532319391633
102.0,189.0,155.0,6002.0,234.0,6251.142857142857,6058.0,6649.0,6874.0,6479.428571428572,206.36410263692946,-79.0,0,7,3,0.4340425531914894
120.0,257.0,126.0,5965.0,170.0,6154.714285714285,6002.0,6640.0,6825.0,6418.0,142.0653773041575,-44.0,1,7,3,0.7017543859649122
137.0,272.0,166.0,5927.0,177.0,6100.285714285715,5965.0,6308.0,6823.0,6354.0,146.46696360808457,-11.0,2,7,3,0.7696629213483146
93.0,198.0,208.0,5954.0,194.0,6053.285714285715,5927.0,6283.0,6790.0,6294.285714285715,129.9149905203582,14.0,3,7,3,0.47692307692307695
152.0,290.0,199.0,5743.0,207.0,5982.428571428572,5954.0,6239.0,6599.0,6233.142857142857,146.00782757881467,-8.0,6,7,3,0.7307692307692307
114.0,210.0,219.0,5819.0,163.0,5924.0,5743.0,6228.0,6617.0,6176.142857142857,108.33282051159944,56.0,0,7,3,0.6951219512195121
125.0,203.0,208.0,5930.0,92.0,5905.714285714285,5819.0,6058.0,6651.0,6124.642857142857,91.42886904712475,116.0,1,7,3,1.3440860215053763
140.0,261.0,163.0,5963.0,154.0,5900.142857142857,5930.0,6002.0,6649.0,6075.642857142857,85.585101062087,9.0,2,7,3,0.9032258064516129
227.0,298.0,212.0,6016.0,169.0,5907.428571428572,5963.0,5965.0,6640.0,6031.071428571428,93.80273120197832,43.0,3,8,3,1.3352941176470587
63.0,167.0,143.0,5943.0,170.0,5909.714285714285,6016.0,5927.0,6308.0,6005.0,94.5510695968216,-27.0,6,8,3,0.3684210526315789
172.0,259.0,138.0,5950.0,150.0,5909.142857142857,5943.0,5954.0,6283.0,5981.214285714285,94.25042629686664,-12.0,0,8,3,1.1390728476821192
163.0,283.0,200.0,5998.0,143.0,5945.571428571428,5950.0,5743.0,6239.0,5964.0,63.641855050621835,57.0,1,8,3,1.1319444444444444
135.0,273.0,207.0,6038.0,174.0,5976.857142857143,5998.0,5819.0,6228.0,5950.428571428572,40.769386273794105,33.0,2,8,3,0.7714285714285715
119.0,230.0,213.0,6084.0,174.0,5998.857142857143,6038.0,5930.0,6058.0,5952.285714285715,51.4277116330167,39.0,3,8,3,0.68
95.0,211.0,140.0,5894.0,249.0,5989.0,6084.0,5963.0,6002.0,5944.571428571428,64.41790641324633,-109.0,6,8,3,0.38
109.0,219.0,155.0,5903.0,148.0,5972.857142857143,5894.0,6016.0,5965.0,5940.142857142857,70.4046129440994,7.0,0,8,3,0.7315436241610739
162.0,239.0,189.0,5981.0,123.0,5978.285714285715,5903.0,5943.0,5927.0,5944.0,69.17300602043936,66.0,1,8,3,1.3064516129032258
109.0,226.0,191.0,5987.0,178.0,5983.571428571428,5981.0,5950.0,5954.0,5946.357142857143,68.05599935066765,13.0,2,8,3,0.6089385474860335
124.0,241.0,156.0,5895.0,220.0,5968.857142857143,5987.0,5998.0,5743.0,5957.214285714285,75.17851770159099,-64.0,3,8,3,0.5610859728506787
86.0,244.0,235.0,5821.0,178.0,5937.857142857143,5895.0,6038.0,5819.0,5957.357142857143,85.89223591498158,57.0,6,8,3,0.48044692737430167
176.0,254.0,162.0,5865.0,158.0,5906.571428571428,5821.0,6084.0,5930.0,5952.714285714285,59.67092296602656,4.0,0,8,3,1.1069182389937107
136.0,274.0,245.0,5995.0,112.0,5921.0,5865.0,5894.0,5963.0,5955.0,67.783970573176,133.0,1,8,3,1.2035398230088497
134.0,245.0,167.0,6028.0,156.0,5938.857142857143,5995.0,5903.0,6016.0,5955.857142857143,77.95389357696112,11.0,2,8,3,0.8535031847133758
182.0,307.0,205.0,6054.0,171.0,5949.285714285715,6028.0,5981.0,5943.0,5963.785714285715,88.67678066196451,34.0,3,8,3,1.058139534883721
149.0,285.0,222.0,6152.0,97.0,5972.857142857143,6054.0,5987.0,5950.0,5978.214285714285,117.58887216544673,125.0,1,8,3,1.5204081632653061
170.0,285.0,178.0,6227.0,134.0,6020.285714285715,6152.0,5895.0,5998.0,5994.571428571428,144.76614968713295,44.0,2,8,3,1.2592592592592593
145.0,295.0,188.0,6250.0,169.0,6081.571428571428,6227.0,5821.0,6038.0,6009.714285714285,136.9341169356713,19.0,3,8,3,0.8529411764705882
133.0,270.0,198.0,6192.0,129.0,6128.285714285715,6250.0,5865.0,6084.0,6017.428571428572,102.079567471841,69.0,0,9,3,1.023076923076923
131.0,263.0,177.0,6272.0,112.0,6167.857142857143,6192.0,5995.0,5894.0,6044.428571428572,95.26179467031821,65.0,1,9,3,1.1592920353982301
121.0,231.0,219.0,6375.0,114.0,6217.428571428572,6272.0,6028.0,5903.0,6078.142857142857,100.49520244412898,105.0,2,9,3,1.0521739130434782
126.0,230.0,175.0,6448.0,121.0,6273.714285714285,6375.0,6054.0,5981.0,6111.5,103.98191234651983,54.0,3,9,3,1.0327868852459017
123.0,255.0,164.0,6312.0,221.0,6296.571428571428,6448.0,6152.0,5987.0,6134.714285714285,89.31938412771233,-57.0,6,9,3,0.5540540540540541
144.0,275.0,190.0,6353.0,141.0,6314.571428571428,6312.0,6227.0,5895.0,6167.428571428572,85.58009336845798,49.0,0,9,3,1.0140845070422535
131.0,251.0,180.0,6396.0,148.0,6335.428571428572,6353.0,6250.0,5821.0,6208.5,85.00952327604743,32.0,1,9,3,0.8791946308724832
93.0,248.0,175.0,6410.0,162.0,6366.571428571428,6396.0,6192.0,5865.0,6247.428571428572,59.944021505800094,13.0,2,9,3,0.5705521472392638
184.0,280.0,210.0,6360.0,220.0,6379.142857142857,6410.0,6272.0,5995.0,6273.5,43.880248295541996,-10.0,3,9,3,0.832579185520362
81.0,200.0,212.0,6326.0,279.0,6372.142857142857,6360.0,6375.0,6028.0,6294.785714285715,48.333661739464944,-67.0,4,9,3,0.2892857142857143
98.0,220.0,167.0,6234.0,210.0,6341.571428571428,6326.0,6448.0,6054.0,6307.642857142857,58.88366254138409,-43.0,6,9,3,0.46445497630331756
113.0,209.0,160.0,6229.0,164.0,6329.714285714285,6234.0,6312.0,6152.0,6313.142857142857,72.59181378484217,-4.0,0,9,3,0.6848484848484848
159.0,304.0,139.0,6227.0,160.0,6311.714285714285,6229.0,6353.0,6227.0,6313.142857142857,80.99118117778646,-21.0,1,9,3,0.9875776397515528
116.0,213.0,217.0,6245.0,149.0,6290.142857142857,6227.0,6396.0,6250.0,6312.785714285715,74.66241484493787,68.0,2,9,3,0.7733333333333333
93.0,196.0,169.0,6270.0,188.0,6270.142857142857,6245.0,6410.0,6192.0,6318.357142857143,52.73654195284414,-19.0,3,9,3,0.49206349206349204
124.0,234.0,161.0,5989.0,197.0,6217.142857142857,6270.0,6360.0,6272.0,6298.142857142857,106.45097239485551,-36.0,6,9,3,0.6262626262626263
92.0,203.0,173.0,6002.0,165.0,6170.857142857143,5989.0,6326.0,6375.0,6271.5,120.7137503510261,8.0,0,9,3,0.5542168674698795
186.0,259.0,172.0,6023.0,143.0,6140.714285714285,6002.0,6234.0,6448.0,6241.142857142857,128.41691774024483,29.0,1,9,3,1.2916666666666667
154.0,225.0,220.0,6050.0,169.0,6115.142857142857,6023.0,6229.0,6312.0,6222.428571428572,125.69994506950272,51.0,2,9,3,0.9058823529411765
91.0,199.0,172.0,6090.0,185.0,6095.571428571428,6050.0,6227.0,6353.0,6203.642857142857,115.64436453030764,-13.0,3,9,3,0.489247311827957
81.0,213.0,153.0,5925.0,177.0,6049.857142857143,6090.0,6245.0,6396.0,6170.0,109.83233975993637,-24.0,6,9,3,0.4550561797752809
209.0,285.0,184.0,5967.0,138.0,6006.571428571428,5925.0,6270.0,6410.0,6138.357142857143,54.261272693188836,46.0,0,9,3,1.5035971223021583
184.0,314.0,217.0,6040.0,137.0,6013.857142857143,5967.0,5989.0,6360.0,6115.5,54.92852498603809,80.0,1,10,4,1.3333333333333333
107.0,215.0,230.0,6091.0,173.0,6026.571428571428,6040.0,6002.0,6326.0,6098.714285714285,61.61941561676363,57.0,2,10,4,0.6149425287356322
101.0,162.0,178.0,6118.0,193.0,6040.142857142857,6091.0,6023.0,6234.0,6090.428571428572,70.52051373282846,-15.0,3,10,4,0.520618556701031
99.0,190.0,176.0,5968.0,153.0,6028.428571428572,6118.0,6050.0,6229.0,6071.785714285715,75.26144905783309,23.0,0,10,4,0.6428571428571429
167.0,239.0,166.0,6013.0,123.0,6017.428571428572,5968.0,6090.0,6227.0,6056.5,70.22074039022502,43.0,1,10,4,1.346774193548387
115.0,216.0,169.0,6047.0,137.0,6034.857142857143,6013.0,5925.0,6245.0,6042.357142857143,57.432361874428665,32.0,2,10,4,0.8333333333333334
84.0,158.0,193.0,6075.0,159.0,6050.285714285715,6047.0,5967.0,6270.0,6028.428571428572,50.21856989106743,34.0,3,10,4,0.525
130.0,227.0,192.0,5889.0,210.0,6028.714285714285,6075.0,6040.0,5989.0,6021.285714285715,79.35303876918557,-18.0,6,10,4,0.6161137440758294
88.0,214.0,160.0,5935.0,106.0,6006.428571428572,5889.0,6091.0,6002.0,6016.5,80.83699058981587,54.0,0,10,4,0.822429906542056
113.0,208.0,159.0,6013.0,107.0,5991.428571428572,5935.0,6118.0,6023.0,6015.785714285715,64.8430339174368,52.0,1,10,4,1.0462962962962963
174.0,285.0,150.0,6036.0,129.0,6001.142857142857,6013.0,5968.0,6050.0,6014.785714285715,65.83420734801736,21.0,2,10,4,1.3384615384615384
104.0,230.0,206.0,6076.0,160.0,6010.142857142857,6036.0,6013.0,6090.0,6013.785714285715,71.76449579800449,46.0,3,10,4,0.6459627329192547
147.0,276.0,214.0,5918.0,195.0,5991.714285714285,6076.0,6047.0,5925.0,6013.285714285715,77.08807578718152,19.0,6,10,4,0.75
108.0,220.0,213.0,5966.0,154.0,5976.142857142857,5918.0,6075.0,5967.0,6013.214285714285,67.92502869935514,59.0,0,10,4,0.6967741935483871
180.0,280.0,146.0,6043.0,109.0,5998.142857142857,5966.0,5889.0,6040.0,6013.428571428572,59.40097802625001,37.0,1,10,4,1.6363636363636365
134.0,294.0,186.0,6077.0,138.0,6018.428571428572,6043.0,5935.0,6091.0,6012.428571428572,58.48320882342806,48.0,2,10,4,0.9640287769784173
202.0,313.0,158.0,5974.0,192.0,6012.857142857143,6077.0,6013.0,6118.0,6002.142857142857,60.89452239029225,-34.0,6,10,4,1.0466321243523315
110.0,272.0,193.0,6008.0,156.0,6008.857142857143,5974.0,6036.0,5968.0,6005.0,60.034513882780644,37.0,0,10,4,0.7006369426751592
166.0,277.0,229.0,6106.0,126.0,6013.142857142857,6008.0,6076.0,6013.0,6011.642857142857,66.36371642050946,103.0,1,10,4,1.3070866141732282
136.0,276.0,178.0,6149.0,160.0,6046.142857142857,6106.0,5918.0,6047.0,6018.928571428572,68.56488063974128,18.0,2,10,4,0.84472049689441
87.0,246.0,173.0,6148.0,177.0,6072.142857142857,6149.0,5966.0,6075.0,6024.142857142857,67.61022745962404,-4.0,3,10,4,0.4887640449438202
84.0,171.0,157.0,5990.0,184.0,6064.571428571428,6148.0,6043.0,5889.0,6031.357142857143,74.07621557750451,-27.0,6,11,4,0.4540540540540541
167.0,209.0,157.0,6007.0,132.0,6054.571428571428,5990.0,6077.0,5935.0,6036.5,76.79378695106057,25.0,0,11,4,1.255639097744361
109.0,245.0,159.0,6045.0,126.0,6064.714285714285,6007.0,5974.0,6013.0,6038.785714285715,68.63360276548681,33.0,1,11,4,0.8582677165354331
156.0,256.0,176.0,6086.0,137.0,6075.857142857143,6045.0,6008.0,6036.0,6042.357142857143,64.0713887561531,39.0,2,11,4,1.1304347826086956
125.0,232.0,192.0,6084.0,177.0,6072.714285714285,6086.0,6106.0,6076.0,6042.928571428572,62.87478107506482,15.0,3,11,4,0.702247191011236
118.0,139.0,168.0,5963.0,145.0,6046.142857142857,6084.0,6149.0,5918.0,6046.142857142857,64.54308269527122,23.0,0,11,4,0.8082191780821918
142.0,235.0,139.0,5975.0,138.0,6021.428571428572,5963.0,6148.0,5966.0,6046.785714285715,50.671678950060716,1.0,1,11,4,1.0215827338129497
148.0,245.0,175.0,5966.0,151.0,6018.0,5975.0,5990.0,6043.0,6041.285714285715,53.86402633792145,24.0,2,11,4,0.9736842105263158
119.0,219.0,210.0,6025.0,172.0,6020.571428571428,5966.0,6007.0,6077.0,6037.571428571428,53.680713926120816,38.0,3,11,4,0.6878612716763006
105.0,210.0,149.0,5816.0,195.0,5987.857142857143,6025.0,6045.0,5974.0,6026.285714285715,92.24140171568862,-46.0,6,11,4,0.5357142857142857
143.0,203.0,163.0,5819.0,138.0,5949.714285714285,5816.0,6086.0,6008.0,6012.785714285715,99.78930184094627,25.0,0,11,4,1.0287769784172662
119.0,209.0,152.0,5844.0,146.0,5915.428571428572,5819.0,6084.0,6106.0,5994.071428571428,86.27641072516683,6.0,1,11,4,0.8095238095238095
155.0,212.0,181.0,5879.0,148.0,5903.428571428572,5844.0,5963.0,6149.0,5974.785714285715,84.37783504936388,33.0,2,11,4,1.0402684563758389
109.0,214.0,173.0,5850.0,210.0,5885.571428571428,5879.0,5975.0,6148.0,5953.5,79.80989316881477,-37.0,3,11,4,0.5165876777251185
191.0,283.0,192.0,5664.0,207.0,5842.428571428572,5850.0,5966.0,5990.0,5930.214285714285,106.31220867936172,-15.0,6,11,4,0.9182692307692307
170.0,297.0,196.0,5715.0,129.0,5798.142857142857,5664.0,6025.0,6007.0,5909.357142857143,78.51842367967619,67.0,0,11,4,1.3076923076923077
152.0,272.0,214.0,5826.0,112.0,5799.571428571428,5715.0,5816.0,6045.0,5893.714285714285,78.98703932260446,102.0,1,11,4,1.345132743362832
239.0,367.0,224.0,5862.0,211.0,5805.714285714285,5826.0,5819.0,6086.0,5877.714285714285,82.35029707639025,13.0,2,11,4,1.1273584905660377
113.0,280.0,237.0,5963.0,143.0,5822.714285714285,5862.0,5844.0,6084.0,5869.071428571428,101.60333702805455,94.0,3,11,4,0.7847222222222222
196.0,306.0,187.0,5986.0,149.0,5838.0,5963.0,5879.0,5963.0,5870.714285714285,118.17924239616579,38.0,6,12,4,1.3066666666666666
236.0,330.0,222.0,6061.0,115.0,5868.142857142857,5986.0,5850.0,5975.0,5876.857142857143,145.50077728477822,107.0,0,12,4,2.0344827586206895
81.0,230.0,242.0,6192.0,107.0,5943.571428571428,6061.0,5664.0,5966.0,5893.0,158.3275688173658,135.0,1,12,4,0.75
118.0,245.0,160.0,6269.0,115.0,6022.714285714285,6192.0,5715.0,6025.0,5910.428571428572,163.4112544937985,45.0,2,12,4,1.0172413793103448
218.0,283.0,208.0,6310.0,150.0,6091.857142857143,6269.0,5826.0,5816.0,5945.714285714285,168.61734644990904,58.0,3,12,4,1.4437086092715232
132.0,243.0,183.0,6286.0,172.0,6152.428571428572,6310.0,5862.0,5819.0,5979.071428571428,147.0633164579746,11.0,6,12,4,0.7630057803468208
224.0,315.0,152.0,6268.0,174.0,6196.0,6286.0,5963.0,5844.0,6009.357142857143,125.13326229797111,-22.0,0,12,4,1.28
167.0,326.0,213.0,6310.0,149.0,6242.285714285715,6268.0,5986.0,5879.0,6040.142857142857,89.30232226490219,64.0,1,12,4,1.1133333333333333
209.0,353.0,232.0,6402.0,152.0,6291.0,6310.0,6061.0,5850.0,6079.571428571428,63.08988297130685,80.0,2,12,4,1.3660130718954249
153.0,253.0,286.0,6481.0,194.0,6332.285714285715,6402.0,6192.0,5664.0,6137.928571428572,79.8430007070424,92.0,3,12,4,0.7846153846153846
180.0,337.0,219.0,6408.0,224.0,6352.142857142857,6481.0,6269.0,5715.0,6187.428571428572,78.75791721350679,-5.0,6,12,4,0.8
133.0,287.0,189.0,6454.0,149.0,6372.714285714285,6408.0,6310.0,5826.0,6232.285714285715,84.51176305839455,40.0,0,12,4,0.8866666666666667
187.0,310.0,247.0,6506.0,151.0,6404.142857142857,6454.0,6286.0,5862.0,6278.285714285715,87.73526195593429,96.0,1,12,4,1.230263157894737
168.0,285.0,210.0,6598.0,134.0,6451.285714285715,6506.0,6268.0,5963.0,6323.642857142857,90.98848697447997,76.0,2,12,4,1.2444444444444445
269.0,412.0,204.0,6600.0,238.0,6492.714285714285,6598.0,6310.0,5986.0,6367.5,81.45901686475165,-34.0,3,12,4,1.1255230125523012
100.0,255.0,236.0,6595.0,268.0,6520.285714285715,6600.0,6402.0,6061.0,6405.642857142857,78.2362113212629,-32.0,6,12,4,0.37174721189591076
205.0,294.0,177.0,6548.0,231.0,6529.857142857143,6595.0,6481.0,6192.0,6431.071428571428,76.71251217246174,-54.0,0,12,4,0.8836206896551724
161.0,304.0,211.0,6622.0,155.0,6560.428571428572,6548.0,6408.0,6269.0,6456.285714285715,61.1115295801018,56.0,1,12,4,1.0320512820512822
57.0,162.0,193.0,6689.0,107.0,6594.0,6622.0,6454.0,6310.0,6483.357142857143,57.332364332902436,86.0,2,12,4,0.5277777777777778
80.0,122.0,152.0,6707.0,135.0,6622.714285714285,6689.0,6506.0,6286.0,6513.428571428572,56.2367444698938,17.0,3,12,4,0.5882352941176471
107.0,170.0,133.0,6465.0,216.0,6603.714285714285,6707.0,6598.0,6268.0,6527.5,82.37255668752053,-83.0,6,12,4,0.4930875576036866
99.0,156.0,139.0,6454.0,177.0,6582.857142857143,6465.0,6600.0,6310.0,6537.785714285715,100.05569877395051,-38.0,0,12,4,0.5561797752808989
25.0,66.0,94.0,6405.0,144.0,6555.714285714285,6454.0,6595.0,6402.0,6538.0,119.99682535483466,-50.0,2,1,1,0.1724137931034483
35.0,70.0,53.0,6292.0,170.0,6519.142857142857,6405.0,6548.0,6481.0,6524.5,156.2683893940486,-117.0,3,1,1,0.2046783625730994
43.0,73.0,64.0,5882.0,185.0,6413.428571428572,6292.0,6622.0,6408.0,6486.928571428572,277.9873241371852,-121.0,6,1,1,0.23118279569892472
41.0,60.0,71.0,5769.0,190.0,6282.0,5882.0,6689.0,6454.0,6438.0,337.1686027296525,-119.0,0,1,1,0.21465968586387435
65.0,83.0,65.0,5703.0,133.0,6138.571428571428,5769.0,6707.0,6506.0,6380.642857142857,339.7817226509071,-68.0,1,1,1,0.48507462686567165
38.0,80.0,82.0,5605.0,184.0,6015.714285714285,5703.0,6465.0,6598.0,6309.714285714285,357.11702763739754,-102.0,2,1,1,0.20540540540540542
56.0,82.0,68.0,5507.0,164.0,5880.428571428572,5605.0,6454.0,6600.0,6231.642857142857,342.4849666495598,-96.0,3,1,1,0.3393939393939394
74.0,103.0,80.0,5092.0,235.0,5692.857142857143,5507.0,6405.0,6595.0,6124.285714285715,366.0461849600492,-155.0,6,1,1,0.3135593220338983
68.0,107.0,102.0,5019.0,181.0,5511.0,5092.0,6292.0,6548.0,6015.071428571428,333.5530942243873,-79.0,0,1,1,0.37362637362637363
92.0,124.0,93.0,4957.0,139.0,5378.857142857143,5019.0,5882.0,6622.0,5896.142857142857,345.1059878604521,-46.0,1,1,1,0.6571428571428571
113.0,162.0,107.0,4903.0,164.0,5255.142857142857,4957.0,5769.0,6689.0,5768.571428571428,337.0659819537876,-57.0,2,1,1,0.6848484848484848
106.0,196.0,131.0,4881.0,159.0,5137.714285714285,4903.0,5703.0,6707.0,5638.142857142857,295.6804098378836,-28.0,3,1,1,0.6625
86.0,152.0,168.0,4628.0,176.0,4998.142857142857,4881.0,5605.0,6465.0,5506.928571428572,267.5982240669817,-8.0,6,1,1,0.4858757062146893
84.0,118.0,136.0,4638.0,127.0,4874.0,4628.0,5507.0,6454.0,5377.214285714285,179.13681921925547,9.0,0,1,1,0.65625
59.0,64.0,117.0,4728.0,54.0,4822.0,4638.0,5092.0,6405.0,5257.428571428572,156.73969928937981,63.0,1,1,1,1.0727272727272728
62.0,97.0,52.0,4717.0,83.0,4778.857142857143,4728.0,5019.0,6292.0,5144.928571428572,133.285943959348,-31.0,2,1,1,0.7380952380952381
91.0,75.0,97.0,4621.0,174.0,4730.857142857143,4717.0,4957.0,5882.0,5054.857142857143,118.07261688102878,-77.0,3,1,1,0.52
29.0,51.0,11.0,4241.0,182.0,4636.285714285715,4621.0,4903.0,5769.0,4945.714285714285,196.3701558160734,-171.0,6,1,1,0.15846994535519127
33.0,53.0,34.0,4161.0,127.0,4533.428571428572,4241.0,4881.0,5703.0,4835.571428571428,232.13563358722556,-93.0,0,1,1,0.2578125
32.0,49.0,39.0,4096.0,101.0,4457.428571428572,4161.0,4628.0,5605.0,4727.785714285715,278.47492834055186,-62.0,1,1,1,0.3137254901960784
32.0,50.0,39.0,4036.0,99.0,4371.428571428572,4096.0,4638.0,5507.0,4622.714285714285,305.0993593038312,-60.0,2,1,1,0.32
47.0,42.0,47.0,3923.0,159.0,4256.428571428572,4036.0,4728.0,5092.0,4539.214285714285,299.9676966735046,-112.0,3,1,1,0.29375
20.0,22.0,41.0,3483.0,168.0,4080.1428571428573,3923.0,4717.0,5019.0,4429.5,343.611422283656,-127.0,6,2,1,0.11834319526627218
23.0,45.0,11.0,3403.0,102.0,3906.1428571428573,3483.0,4621.0,4957.0,4318.5,332.2842300257352,-91.0,0,2,1,0.22330097087378642
34.0,54.0,29.0,3359.0,74.0,3780.1428571428573,3403.0,4241.0,4903.0,4208.214285714285,350.8515491255452,-45.0,1,2,1,0.4533333333333333
26.0,36.0,36.0,3290.0,104.0,3655.714285714286,3359.0,4161.0,4881.0,4094.5714285714284,347.7047187320815,-68.0,2,2,1,0.24761904761904763
25.0,32.0,27.0,3181.0,145.0,3525.0,3290.0,4096.0,4628.0,3991.214285714286,325.90642828883216,-118.0,3,2,1,0.17123287671232876
15.0,13.0,23.0,2878.0,99.0,3359.5714285714284,3181.0,4036.0,4638.0,3865.5,317.07299745369113,-76.0,6,2,1,0.15
16.0,18.0,15.0,2834.0,63.0,3204.0,2878.0,3923.0,4728.0,3730.214285714286,255.7889755247122,-48.0,0,2,1,0.25
11.0,22.0,12.0,2799.0,50.0,3106.285714285714,2834.0,3483.0,4717.0,3593.214285714286,262.0163571774723,-38.0,1,2,1,0.21568627450980393
16.0,20.0,20.0,2752.0,66.0,3013.285714285714,2799.0,3403.0,4621.0,3459.714285714286,254.57527654615683,-46.0,2,2,1,0.23880597014925373
15.0,10.0,23.0,2703.0,72.0,2919.5714285714284,2752.0,3359.0,4241.0,3349.8571428571427,225.14207154801755,-49.0,3,2,1,0.2054794520547945
8.0,17.0,14.0,2532.0,15.0,2811.285714285714,2703.0,3290.0,4161.0,3233.5,197.92567147429625,-1.0,0,2,1,0.5
18.0,19.0,11.0,2536.0,9.0,2719.1428571428573,2532.0,3181.0,4096.0,3122.0714285714284,138.26837258433997,2.0,1,2,1,1.8
12.0,17.0,17.0,2528.0,19.0,2669.1428571428573,2536.0,2878.0,4036.0,3014.3571428571427,134.479773660533,-2.0,2,2,1,0.6
13.0,25.0,15.0,2520.0,32.0,2624.285714285714,2528.0,2834.0,3923.0,2914.1428571428573,122.12659318053183,-17.0,3,2,1,0.3939393939393939
7.0,16.0,8.0,2423.0,35.0,2570.5714285714284,2520.0,2799.0,3483.0,2838.4285714285716,114.9519568381956,-27.0,6,2,1,0.19444444444444445
20.0,22.0,14.0,2413.0,24.0,2522.1428571428573,2423.0,2752.0,3403.0,2767.714285714286,95.55003675450467,-10.0,0,2,1,0.8
11.0,7.0,7.0,2413.0,23.0,2480.714285714286,2413.0,2703.0,3359.0,2700.1428571428573,60.50816552512122,-16.0,1,2,1,0.4583333333333333
12.0,21.0,1.0,2411.0,23.0,2463.4285714285716,2413.0,2532.0,3290.0,2637.3571428571427,60.69831722760492,-22.0,2,2,1,0.5
10.0,15.0,17.0,2391.0,37.0,2442.714285714286,2411.0,2536.0,3181.0,2580.9285714285716,56.39359977174001,-20.0,3,2,1,0.2631578947368421
12.0,24.0,4.0,2297.0,31.0,2409.714285714286,2391.0,2528.0,2878.0,2539.4285714285716,65.08638947748564,-27.0,6,3,1,0.375
8.0,29.0,18.0,2287.0,25.0,2376.4285714285716,2297.0,2520.0,2834.0,2500.3571428571427,58.53448312116831,-7.0,0,3,1,0.3076923076923077
4.0,25.0,10.0,2272.0,30.0,2354.8571428571427,2287.0,2423.0,2799.0,2462.714285714286,65.87470068586777,-20.0,1,3,1,0.12903225806451613
5.0,20.0,4.0,2238.0,40.0,2329.8571428571427,2272.0,2413.0,2752.0,2426.0,72.95758715709992,-36.0,2,3,1,0.12195121951219512
7.0,27.0,6.0,2218.0,33.0,2302.0,2238.0,2413.0,2703.0,2391.3571428571427,73.14825128902791,-27.0,3,3,1,0.20588235294117646
12.0,25.0,15.0,2137.0,30.0,2262.8571428571427,2218.0,2411.0,2532.0,2363.1428571428573,78.23347231493688,-15.0,6,3,1,0.3870967741935484
6.0,28.0,8.0,2125.0,23.0,2224.8571428571427,2137.0,2391.0,2536.0,2333.785714285714,69.76013324565606,-15.0,0,3,1,0.25
3.0,11.0,7.0,2116.0,20.0,2199.0,2125.0,2297.0,2528.0,2304.3571428571427,72.06941098673762,-13.0,1,3,1,0.14285714285714285
6.0,18.0,2.0,2113.0,8.0,2174.1428571428573,2116.0,2287.0,2520.0,2275.285714285714,66.44654134804881,-6.0,2,3,1,0.6666666666666666
4.0,20.0,9.0,2116.0,6.0,2151.8571428571427,2113.0,2272.0,2423.0,2253.3571428571427,52.94471510092186,3.0,3,3,1,0.5714285714285714
1.0,9.0,8.0,2117.0,5.0,2134.5714285714284,2116.0,2238.0,2413.0,2232.214285714286,37.68667820676826,3.0,6,3,1,0.16666666666666666
5.0,14.0,0.0,2111.0,8.0,2119.285714285714,2117.0,2218.0,2413.0,2210.6428571428573,8.957571948511832,-8.0,0,3,1,0.5555555555555556
19.0,34.0,6.0,2109.0,8.0,2115.285714285714,2111.0,2137.0,2411.0,2189.0714285714284,5.186980034606052,-2.0,1,3,1,2.111111111111111
6.0,22.0,14.0,2119.0,9.0,2114.4285714285716,2109.0,2125.0,2391.0,2169.6428571428573,3.552329882440656,5.0,2,3,1,0.6
9.0,20.0,11.0,2124.0,7.0,2115.5714285714284,2119.0,2116.0,2297.0,2157.285714285714,5.09434793933647,4.0,3,3,1,1.125
15.0,29.0,9.0,2136.0,2.0,2118.8571428571427,2124.0,2113.0,2287.0,2146.5,9.044861733834644,7.0,6,3,1,5.0
7.0,13.0,11.0,2139.0,7.0,2122.1428571428573,2136.0,2116.0,2272.0,2137.0,11.639423974186858,4.0,0,3,1,0.875
12.0,19.0,7.0,2145.0,6.0,2126.1428571428573,2139.0,2117.0,2238.0,2130.3571428571427,14.123604017774793,1.0,1,3,1,1.7142857142857142
9.0,21.0,15.0,2159.0,2.0,2133.0,2145.0,2111.0,2218.0,2126.1428571428573,16.92138686125025,13.0,2,3,1,3.0
1.0,19.0,13.0,2159.0,2.0,2140.1428571428573,2159.0,2109.0,2137.0,2127.714285714286,15.60372360851712,11.0,3,3,1,0.3333333333333333
9.0,20.0,5.0,2188.0,2.0,2150.0,2159.0,2119.0,2125.0,2132.214285714286,20.91251618787641,3.0,6,3,1,3.0
9.0,25.0,8.0,2193.0,5.0,2159.8571428571427,2188.0,2124.0,2116.0,2137.714285714286,22.79202032403227,3.0,0,3,1,1.5
17.0,36.0,7.0,2191.0,12.0,2167.714285714286,2193.0,2136.0,2113.0,2143.285714285714,22.676818454382854,-5.0,1,4,2,1.3076923076923077
5.0,31.0,16.0,2208.0,3.0,2177.5714285714284,2191.0,2139.0,2116.0,2149.8571428571427,23.107409654207476,13.0,2,4,2,1.25
12.0,26.0,18.0,2223.0,8.0,2188.714285714286,2208.0,2145.0,2117.0,2157.4285714285716,23.584700447813972,10.0,3,4,2,1.3333333333333333
7.0,14.0,7.0,2234.0,11.0,2199.4285714285716,2223.0,2159.0,2111.0,2166.214285714286,24.838526142415233,-4.0,6,4,2,0.5833333333333334
12.0,22.0,9.0,2237.0,5.0,2210.5714285714284,2234.0,2159.0,2109.0,2175.3571428571427,20.85551200348454,4.0,0,4,2,2.0
12.0,34.0,12.0,2243.0,9.0,2218.4285714285716,2237.0,2188.0,2119.0,2184.214285714286,21.290507609280873,3.0,1,4,2,1.2
6.0,19.0,10.0,2251.0,5.0,2226.714285714286,2243.0,2193.0,2124.0,2193.285714285714,21.02945779646381,5.0,2,4,2,1.0
18.0,25.0,17.0,2265.0,6.0,2237.285714285714,2251.0,2191.0,2136.0,2202.5,18.535679878186787,11.0,3,4,2,2.5714285714285716
8.0,22.0,8.0,2267.0,9.0,2245.714285714286,2265.0,2208.0,2139.0,2211.6428571428573,16.2758951176265,-1.0,4,4,2,0.8
5.0,26.0,10.0,2283.0,3.0,2254.285714285714,2267.0,2223.0,2145.0,2221.5,18.025114753587594,7.0,6,4,2,1.25
5.0,26.0,9.0,2282.0,13.0,2261.1428571428573,2283.0,2234.0,2159.0,2230.285714285714,18.151479015535998,-4.0,0,4,2,0.35714285714285715
4.0,19.0,12.0,2286.0,7.0,2268.1428571428573,2282.0,2237.0,2159.0,2239.3571428571427,16.677615450600857,5.0,1,4,2,0.5
11.0,30.0,5.0,2291.0,8.0,2275.0,2286.0,2243.0,2188.0,2246.714285714286,14.317821062412861,-3.0,2,4,2,1.2222222222222223
7.0,26.0,10.0,2288.0,14.0,2280.285714285714,2291.0,2251.0,2193.0,2253.5,10.226017237747413,-4.0,3,4,2,0.4666666666666667
4.0,15.0,6.0,2305.0,4.0,2286.0,2288.0,2265.0,2191.0,2261.6428571428573,11.372481405068092,2.0,6,4,2,0.8
10.0,25.0,5.0,2308.0,6.0,2291.8571428571427,2305.0,2267.0,2208.0,2268.785714285714,10.47900395003348,-1.0,0,4,2,1.4285714285714286
7.0,19.0,14.0,2305.0,17.0,2295.0,2308.0,2283.0,2223.0,2274.6428571428573,10.677078250874528,-3.0,1,4,2,0.3888888888888889
3.0,23.0,4.0,2300.0,11.0,2297.5714285714284,2305.0,2282.0,2234.0,2279.3571428571427,9.071147350860041,-7.0,2,4,2,0.25
3.0,9.0,7.0,2294.0,13.0,2298.714285714286,2300.0,2286.0,2237.0,2283.4285714285716,7.782764839485451,-6.0,3,4,2,0.21428571428571427
9.0,40.0,12.0,2301.0,4.0,2300.1428571428573,2294.0,2291.0,2243.0,2287.5714285714284,7.010196653315958,8.0,6,4,2,1.8
6.0,26.0,12.0,2307.0,8.0,2302.8571428571427,2301.0,2288.0,2251.0,2291.5714285714284,4.879500362212589,4.0,0,4,2,0.6666666666666666
11.0,25.0,11.0,2304.0,15.0,2302.714285714286,2307.0,2305.0,2265.0,2294.3571428571427,4.820590753569943,-4.0,1,4,2,0.6875
7.0,34.0,9.0,2309.0,12.0,2302.8571428571427,2304.0,2308.0,2267.0,2297.3571428571427,5.0142653617620345,-3.0,2,4,2,0.5384615384615384
13.0,32.0,14.0,2306.0,16.0,2303.0,2309.0,2305.0,2283.0,2299.0,5.099019511171725,-2.0,3,5,2,0.7647058823529411
9.0,31.0,10.0,2335.0,5.0,2308.0,2306.0,2300.0,2282.0,2302.785714285714,12.884098725767627,5.0,6,5,2,1.5
15.0,44.0,20.0,2331.0,17.0,2313.285714285714,2335.0,2294.0,2286.0,2306.0,13.744262871471367,3.0,0,5,2,0.8333333333333334
10.0,33.0,16.0,2339.0,16.0,2318.714285714286,2331.0,2301.0,2291.0,2309.4285714285716,15.478095120097647,0.0,1,5,2,0.5882352941176471
10.0,30.0,15.0,2335.0,10.0,2322.714285714286,2339.0,2307.0,2288.0,2312.785714285714,15.563999974732376,5.0,2,5,2,0.9090909090909091
15.0,24.0,16.0,2361.0,11.0,2330.8571428571427,2335.0,2304.0,2305.0,2316.785714285714,18.729909871244054,5.0,3,5,2,1.25
15.0,20.0,12.0,2385.0,3.0,2341.714285714286,2361.0,2309.0,2308.0,2322.285714285714,24.944700744116737,9.0,6,5,2,3.75
7.0,33.0,14.0,2392.0,7.0,2354.0,2385.0,2306.0,2305.0,2328.5,25.592967783660665,7.0,0,5,2,0.875
18.0,29.0,12.0,2394.0,11.0,2362.4285714285716,2392.0,2335.0,2300.0,2335.214285714286,27.903746121167565,1.0,1,5,2,1.5
7.0,30.0,14.0,2394.0,11.0,2371.4285714285716,2394.0,2331.0,2294.0,2342.3571428571427,26.18432828228766,3.0,2,5,2,0.5833333333333334
15.0,31.0,14.0,2410.0,14.0,2381.5714285714284,2394.0,2339.0,2301.0,2350.1428571428573,25.26431701553238,0.0,3,5,2,1.0
13.0,28.0,14.0,2437.0,9.0,2396.1428571428573,2410.0,2335.0,2307.0,2359.4285714285716,23.262477450145404,5.0,6,5,2,1.3
7.0,27.0,17.0,2457.0,6.0,2409.8571428571427,2437.0,2361.0,2304.0,2370.3571428571427,27.07661088686274,11.0,0,5,2,1.0
14.0,62.0,13.0,2467.0,18.0,2421.5714285714284,2457.0,2385.0,2309.0,2381.6428571428573,31.84785258477364,-5.0,2,5,2,0.7368421052631579
18.0,36.0,17.0,2473.0,15.0,2433.1428571428573,2467.0,2392.0,2306.0,2393.5714285714284,33.95795719884602,2.0,3,5,2,1.125
6.0,24.0,7.0,2504.0,11.0,2448.8571428571427,2473.0,2394.0,2335.0,2405.6428571428573,38.03256749750207,-4.0,1,5,2,0.5
12.0,39.0,12.0,2499.0,14.0,2463.8571428571427,2504.0,2394.0,2331.0,2417.6428571428573,33.18849485065729,-2.0,2,5,2,0.8
13.0,38.0,15.0,2506.0,11.0,2477.5714285714284,2499.0,2410.0,2339.0,2429.5714285714284,26.35562648838025,4.0,3,5,2,1.0833333333333333
8.0,24.0,16.0,2528.0,12.0,2490.5714285714284,2506.0,2437.0,2335.0,2443.3571428571427,25.43525861728927,4.0,6,6,2,0.6153846153846154
10.0,19.0,5.0,2518.0,16.0,2499.285714285714,2528.0,2457.0,2361.0,2454.5714285714284,22.26891918977653,-11.0,0,6,2,0.5882352941176471
5.0,23.0,11.0,2519.0,15.0,2506.714285714286,2518.0,2467.0,2385.0,2464.1428571428573,17.960273621175357,-4.0,1,6,2,0.3125
4.0,16.0,9.0,2516.0,16.0,2512.8571428571427,2519.0,2473.0,2392.0,2473.0,10.172324731951344,-7.0,2,6,2,0.23529411764705882
8.0,26.0,5.0,2503.0,21.0,2512.714285714286,2516.0,2504.0,2394.0,2480.785714285714,10.323343864635483,-16.0,3,6,2,0.36363636363636365
10.0,16.0,15.0,2507.0,13.0,2513.8571428571427,2503.0,2499.0,2394.0,2488.8571428571427,8.896227128335875,2.0,6,6,2,0.7142857142857143
8.0,21.0,14.0,2516.0,9.0,2515.285714285714,2507.0,2506.0,2410.0,2496.4285714285716,8.199883853700692,5.0,0,6,2,0.8
17.0,28.0,7.0,2511.0,12.0,2512.8571428571427,2516.0,2528.0,2437.0,2501.714285714286,6.039552173155635,-5.0,1,6,2,1.3076923076923077
7.0,24.0,10.0,2523.0,14.0,2513.5714285714284,2511.0,2518.0,2457.0,2506.4285714285716,6.972736019320384,-4.0,1,6,2,0.4666666666666667
8.0,19.0,7.0,2501.0,18.0,2511.0,2523.0,2519.0,2467.0,2508.8571428571427,7.895146186702814,-11.0,3,6,2,0.42105263157894735
7.0,13.0,5.0,2508.0,7.0,2509.8571428571427,2501.0,2516.0,2473.0,2511.3571428571427,7.625146367049573,-2.0,6,6,2,0.875
3.0,15.0,5.0,2495.0,17.0,2508.714285714286,2508.0,2503.0,2504.0,2510.714285714286,9.250482611599093,-12.0,0,6,2,0.16666666666666666
5.0,20.0,5.0,2489.0,16.0,2506.1428571428573,2495.0,2507.0,2499.0,2510.0,11.922367932542544,-11.0,1,6,2,0.29411764705882354
6.0,12.0,2.0,2470.0,24.0,2499.5714285714284,2489.0,2516.0,2506.0,2507.4285714285716,17.125586537744006,-22.0,2,6,2,0.24
3.0,9.0,7.0,2447.0,35.0,2490.4285714285716,2470.0,2511.0,2528.0,2501.6428571428573,25.19164638516255,-28.0,3,6,2,0.08333333333333333
5.0,17.0,7.0,2413.0,20.0,2474.714285714286,2447.0,2523.0,2518.0,2494.1428571428573,34.18924921493244,-13.0,6,6,2,0.23809523809523808
9.0,22.0,8.0,2407.0,16.0,2461.285714285714,2413.0,2501.0,2519.0,2486.1428571428573,40.094531155101365,-8.0,0,6,2,0.5294117647058824
7.0,14.0,6.0,2391.0,22.0,2444.5714285714284,2407.0,2508.0,2516.0,2477.214285714286,41.7287157034775,-16.0,1,7,3,0.30434782608695654
8.0,20.0,9.0,2373.0,38.0,2427.1428571428573,2391.0,2495.0,2503.0,2467.9285714285716,42.624048655488316,-29.0,2,7,3,0.20512820512820512
4.0,17.0,2.0,2332.0,8.0,2404.714285714286,2373.0,2489.0,2507.0,2455.4285714285716,45.83562764794037,-6.0,6,7,3,0.4444444444444444
3.0,18.0,8.0,2317.0,20.0,2382.8571428571427,2332.0,2470.0,2516.0,2441.214285714286,45.99430606555569,-12.0,0,7,3,0.14285714285714285
5.0,16.0,8.0,2306.0,20.0,2362.714285714286,2317.0,2447.0,2511.0,2426.5714285714284,44.05570067403906,-12.0,1,7,3,0.23809523809523808
2.0,18.0,0.0,2281.0,32.0,2343.8571428571427,2306.0,2413.0,2523.0,2409.285714285714,47.090085904061496,-32.0,2,7,3,0.06060606060606061
2.0,12.0,3.0,2252.0,39.0,2321.714285714286,2281.0,2407.0,2501.0,2391.5,48.85937059780572,-36.0,3,7,3,0.05
1.0,13.0,4.0,2204.0,10.0,2295.0,2252.0,2391.0,2508.0,2369.785714285714,55.353410012171295,-6.0,6,7,3,0.09090909090909091
2.0,9.0,1.0,2181.0,26.0,2267.5714285714284,2204.0,2373.0,2495.0,2347.3571428571427,57.777899877558404,-25.0,0,7,3,0.07407407407407407
0.0,8.0,5.0,2171.0,17.0,2244.5714285714284,2181.0,2332.0,2489.0,2324.6428571428573,59.863336422174285,-12.0,1,7,3,0.0
1.0,9.0,0.0,2164.0,11.0,2222.714285714286,2171.0,2317.0,2470.0,2302.785714285714,56.86743146898804,-11.0,2,7,3,0.08333333333333333
3.0,16.0,2.0,2153.0,17.0,2200.8571428571427,2164.0,2306.0,2447.0,2281.785714285714,48.27500585656501,-15.0,3,7,3,0.16666666666666666
4.0,18.0,7.0,2121.0,16.0,2178.0,2153.0,2281.0,2413.0,2260.9285714285716,41.39243086976682,-9.0,0,7,3,0.23529411764705882
5.0,13.0,3.0,2117.0,16.0,2158.714285714286,2121.0,2252.0,2407.0,2240.214285714286,31.4150403768605,-13.0,1,7,3,0.29411764705882354
6.0,21.0,5.0,2111.0,14.0,2145.4285714285716,2117.0,2204.0,2391.0,2220.214285714286,28.611519491177116,-9.0,2,7,3,0.4
6.0,18.0,7.0,2096.0,29.0,2133.285714285714,2111.0,2181.0,2373.0,2200.4285714285716,29.032822148039244,-22.0,3,7,3,0.2
1.0,12.0,2.0,2088.0,4.0,2121.4285714285716,2096.0,2171.0,2332.0,2183.0,27.99319645188668,-2.0,6,7,3,0.2
2.0,9.0,3.0,2080.0,14.0,2109.4285714285716,2088.0,2164.0,2317.0,2166.0714285714284,24.48712003470134,-11.0,0,7,3,0.13333333333333333
2.0,8.0,3.0,2072.0,12.0,2097.8571428571427,2080.0,2153.0,2306.0,2149.3571428571427,18.986210534252738,-9.0,1,7,3,0.15384615384615385
4.0,15.0,4.0,2063.0,16.0,2089.5714285714284,2072.0,2121.0,2281.0,2133.785714285714,19.839834868108078,-12.0,2,7,3,0.23529411764705882
2.0,9.0,6.0,2058.0,15.0,2081.1428571428573,2063.0,2117.0,2252.0,2119.9285714285716,18.74769827074538,-9.0,3,7,3,0.125
5.0,26.0,3.0,2049.0,5.0,2072.285714285714,2058.0,2111.0,2204.0,2108.8571428571427,16.839579227109922,-2.0,6,8,3,0.8333333333333334
5.0,22.0,11.0,2040.0,14.0,2064.285714285714,2049.0,2096.0,2181.0,2098.785714285714,16.997198647995226,-3.0,0,8,3,0.3333333333333333
2.0,21.0,10.0,2042.0,14.0,2057.714285714286,2040.0,2088.0,2171.0,2089.5714285714284,15.085470776414287,-4.0,1,8,3,0.13333333333333333
4.0,17.0,3.0,2036.0,13.0,2051.4285714285716,2042.0,2080.0,2164.0,2080.4285714285716,13.314868165337238,-10.0,2,8,3,0.2857142857142857
4.0,18.0,6.0,2031.0,17.0,2045.5714285714287,2036.0,2072.0,2153.0,2071.714285714286,11.67414726051918,-11.0,3,8,3,0.2222222222222222
0.0,18.0,8.0,2006.0,12.0,2037.4285714285713,2031.0,2063.0,2121.0,2063.5,16.409927308195343,-4.0,6,8,3,0.0
6.0,23.0,4.0,1999.0,16.0,2029.0,2006.0,2058.0,2117.0,2055.0714285714284,19.02629758977049,-12.0,0,8,3,0.35294117647058826
8.0,38.0,9.0,1999.0,9.0,2021.857142857143,1999.0,2049.0,2111.0,2047.0714285714287,19.642034614163563,0.0,1,8,3,0.8
6.0,22.0,12.0,1997.0,17.0,2015.7142857142858,1999.0,2040.0,2096.0,2040.0,19.746006226050167,-5.0,2,8,3,0.3333333333333333
3.0,27.0,4.0,1994.0,11.0,2008.857142857143,1997.0,2042.0,2088.0,2033.2857142857142,17.276463482165898,-7.0,3,8,3,0.25
4.0,14.0,2.0,1991.0,3.0,2002.4285714285713,1994.0,2036.0,2080.0,2026.9285714285713,13.439458604923102,-1.0,6,8,3,1.0
4.0,20.0,6.0,1985.0,14.0,1995.857142857143,1991.0,2031.0,2072.0,2020.7142857142858,6.693991618151977,-8.0,0,8,3,0.26666666666666666
5.0,35.0,3.0,1980.0,11.0,1992.142857142857,1985.0,2006.0,2063.0,2014.7857142857142,7.312741650745014,-8.0,1,8,3,0.4166666666666667
10.0,38.0,10.0,1983.0,10.0,1989.857142857143,1980.0,1999.0,2058.0,2009.4285714285713,7.3127416507444405,0.0,2,8,3,0.9090909090909091
6.0,49.0,8.0,1972.0,21.0,1986.0,1983.0,1999.0,2049.0,2003.9285714285713,8.679477709382112,-13.0,3,8,3,0.2727272727272727
4.0,21.0,5.0,1981.0,5.0,1983.7142857142858,1972.0,1997.0,2040.0,1999.7142857142858,7.296444011462984,0.0,6,8,3,0.6666666666666666
8.0,30.0,8.0,1980.0,11.0,1981.7142857142858,1981.0,1994.0,2042.0,1995.2857142857142,5.7652489289193625,-3.0,0,8,3,0.6666666666666666
10.0,21.0,20.0,1989.0,15.0,1981.4285714285713,1980.0,1991.0,2036.0,1991.9285714285713,5.255382725678216,5.0,1,8,3,0.625
5.0,19.0,9.0,1988.0,19.0,1981.857142857143,1989.0,1985.0,2031.0,1988.857142857143,5.698788507261991,-10.0,2,8,3,0.25
8.0,33.0,6.0,1984.0,17.0,1982.4285714285713,1988.0,1980.0,2006.0,1987.2857142857142,5.682051940982867,-11.0,3,8,3,0.4444444444444444
10.0,29.0,17.0,2010.0,5.0,1986.2857142857142,1984.0,1983.0,1999.0,1988.0714285714287,11.898379240289591,12.0,0,9,3,1.6666666666666667
6.0,35.0,9.0,2020.0,9.0,1993.142857142857,2010.0,1972.0,1999.0,1989.5714285714287,15.56094011032772,0.0,1,9,3,0.6
4.0,29.0,11.0,2019.0,10.0,1998.5714285714287,2020.0,1981.0,1997.0,1991.142857142857,17.164470501399485,1.0,2,9,3,0.36363636363636365
11.0,40.0,2.0,2015.0,14.0,2003.5714285714287,2019.0,1980.0,1994.0,1992.642857142857,15.904476757402659,-12.0,3,9,3,0.7333333333333333
4.0,19.0,9.0,2026.0,7.0,2008.857142857143,2015.0,1989.0,1991.0,1995.142857142857,16.395411668632136,2.0,6,9,3,0.5
7.0,25.0,5.0,2025.0,6.0,2014.142857142857,2026.0,1988.0,1985.0,1998.0,14.392458341689405,-1.0,0,9,3,1.0
18.0,42.0,11.0,2023.0,14.0,2019.7142857142858,2025.0,1984.0,1980.0,2001.0714285714287,5.707138385026979,-3.0,1,9,3,1.2
10.0,47.0,14.0,2025.0,18.0,2021.857142857143,2023.0,2010.0,1983.0,2004.0714285714287,4.017817456938676,-4.0,2,9,3,0.5263157894736842
12.0,38.0,29.0,2047.0,6.0,2025.7142857142858,2025.0,2020.0,1972.0,2009.4285714285713,10.177004890725978,23.0,3,9,3,1.7142857142857142
7.0,39.0,13.0,2083.0,5.0,2034.857142857143,2047.0,2019.0,1981.0,2016.7142857142858,23.355431711930326,8.0,6,9,3,1.1666666666666667
9.0,47.0,10.0,2086.0,10.0,2045.0,2083.0,2015.0,1980.0,2024.2857142857142,28.207563996934194,0.0,0,9,3,0.8181818181818182
7.0,28.0,17.0,2095.0,12.0,2054.8571428571427,2086.0,2026.0,1989.0,2031.857142857143,32.23056815794624,5.0,1,9,3,0.5384615384615384
7.0,38.0,5.0,2096.0,13.0,2065.0,2095.0,2025.0,1988.0,2039.5714285714287,32.439687626545535,-8.0,2,9,3,0.5
20.0,52.0,11.0,2096.0,14.0,2075.4285714285716,2096.0,2023.0,1984.0,2047.5714285714287,28.13572546769651,-3.0,3,9,3,1.3333333333333333
8.0,35.0,13.0,2134.0,5.0,2091.0,2096.0,2025.0,2010.0,2056.4285714285716,25.62550812454708,8.0,6,9,3,1.3333333333333333
17.0,40.0,14.0,2141.0,10.0,2104.4285714285716,2134.0,2047.0,2020.0,2065.0714285714284,23.244046856351975,4.0,0,9,3,1.5454545454545454
11.0,36.0,10.0,2145.0,15.0,2113.285714285714,2141.0,2083.0,2019.0,2074.0714285714284,25.427768847187693,-5.0,1,9,3,0.6875
3.0,38.0,12.0,2138.0,17.0,2120.714285714286,2145.0,2086.0,2015.0,2082.8571428571427,23.66230677426344,-5.0,2,9,3,0.16666666666666666
6.0,35.0,12.0,2132.0,18.0,2126.0,2138.0,2095.0,2026.0,2090.4285714285716,20.936411662649718,-6.0,3,9,3,0.3157894736842105
11.0,29.0,12.0,2146.0,9.0,2133.1428571428573,2132.0,2096.0,2025.0,2099.0714285714284,17.18942088759263,3.0,6,9,3,1.1
8.0,35.0,12.0,2148.0,13.0,2140.5714285714284,2146.0,2096.0,2023.0,2108.0,6.160550375332378,-1.0,0,9,3,0.5714285714285714
8.0,32.0,12.0,2159.0,7.0,2144.1428571428573,2148.0,2134.0,2025.0,2117.5714285714284,8.513294923284544,5.0,1,9,3,1.0
4.0,33.0,12.0,2163.0,14.0,2147.285714285714,2159.0,2141.0,2047.0,2125.8571428571427,10.88905085606934,-2.0,2,10,4,0.26666666666666666
20.0,51.0,15.0,2164.0,16.0,2150.0,2163.0,2145.0,2083.0,2131.6428571428573,12.476644847125593,-1.0,3,10,4,1.1764705882352942
8.0,28.0,13.0,2180.0,16.0,2156.0,2164.0,2138.0,2086.0,2138.3571428571427,15.481171358825259,-3.0,6,10,4,0.47058823529411764
5.0,33.0,15.0,2187.0,10.0,2163.8571428571427,2180.0,2132.0,2095.0,2144.9285714285716,15.22529223969692,5.0,0,10,4,0.45454545454545453
11.0,45.0,4.0,2189.0,10.0,2170.0,2187.0,2146.0,2096.0,2151.5714285714284,15.491933384011682,-6.0,1,10,4,1.0
8.0,49.0,15.0,2192.0,17.0,2176.285714285714,2189.0,2148.0,2096.0,2158.4285714285716,13.92496900820339,-2.0,2,10,4,0.4444444444444444
11.0,55.0,13.0,2192.0,12.0,2181.0,2192.0,2159.0,2134.0,2162.5714285714284,12.62273081817092,1.0,3,10,4,0.8461538461538461
8.0,24.0,7.0,2223.0,6.0,2189.5714285714284,2192.0,2163.0,2141.0,2168.4285714285716,17.709292690385055,1.0,0,10,4,1.1428571428571428
7.0,30.0,16.0,2235.0,8.0,2199.714285714286,2223.0,2164.0,2145.0,2174.8571428571427,20.701966779659436,8.0,1,10,4,0.7777777777777778
8.0,29.0,10.0,2225.0,15.0,2206.1428571428573,2235.0,2180.0,2138.0,2181.0714285714284,20.54611537779254,-5.0,2,10,4,0.5
9.0,33.0,15.0,2233.0,9.0,2212.714285714286,2225.0,2187.0,2132.0,2188.285714285714,20.75824563587874,6.0,3,10,4,0.9
9.0,34.0,17.0,2237.0,7.0,2219.5714285714284,2233.0,2189.0,2146.0,2194.785714285714,19.50946046393337,10.0,6,10,4,1.125
10.0,39.0,6.0,2243.0,7.0,2226.8571428571427,2237.0,2192.0,2148.0,2201.5714285714284,16.83675118456464,-1.0,0,10,4,1.25
13.0,39.0,17.0,2251.0,9.0,2235.285714285714,2243.0,2192.0,2159.0,2208.1428571428573,9.759000728192833,8.0,1,10,4,1.3
12.0,42.0,13.0,2261.0,12.0,2240.714285714286,2251.0,2223.0,2163.0,2215.1428571428573,12.079104349228567,1.0,2,10,4,0.9230769230769231
4.0,27.0,26.0,2266.0,18.0,2245.1428571428573,2261.0,2235.0,2164.0,2222.4285714285716,14.971401307748737,8.0,3,10,4,0.21052631578947367
4.0,35.0,12.0,2276.0,10.0,2252.4285714285716,2266.0,2225.0,2180.0,2229.285714285714,15.914952537175157,2.0,6,10,4,0.36363636363636365
2.0,31.0,8.0,2282.0,11.0,2259.4285714285716,2276.0,2233.0,2187.0,2236.0714285714284,16.701867588004202,-3.0,0,10,4,0.16666666666666666
6.0,22.0,11.0,2286.0,6.0,2266.4285714285716,2282.0,2237.0,2189.0,2243.0,15.988090805155965,5.0,1,10,4,0.8571428571428571
6.0,25.0,4.0,2280.0,17.0,2271.714285714286,2286.0,2243.0,2192.0,2249.285714285714,12.737271890517754,-13.0,2,10,4,0.3333333333333333
3.0,17.0,14.0,2287.0,12.0,2276.8571428571427,2280.0,2251.0,2192.0,2256.0714285714284,9.940297972616982,2.0,3,10,4,0.23076923076923078
5.0,21.0,10.0,2277.0,7.0,2279.1428571428573,2287.0,2261.0,2223.0,2259.9285714285716,7.128079950759484,3.0,6,11,4,0.625
3.0,28.0,5.0,2269.0,12.0,2279.5714285714284,2277.0,2266.0,2235.0,2262.3571428571427,6.241184256795969,-7.0,0,11,4,0.23076923076923078
6.0,33.0,6.0,2270.0,8.0,2278.714285714286,2269.0,2276.0,2225.0,2265.5714285714284,7.158079016956331,-2.0,1,11,4,0.6666666666666666
8.0,41.0,8.0,2272.0,7.0,2277.285714285714,2270.0,2282.0,2233.0,2268.3571428571427,7.3872476976422545,1.0,2,11,4,1.0
6.0,33.0,9.0,2264.0,19.0,2274.1428571428573,2272.0,2286.0,2237.0,2270.285714285714,7.7336617319616625,-10.0,3,11,4,0.3
11.0,33.0,5.0,2294.0,4.0,2276.1428571428573,2264.0,2280.0,2243.0,2273.9285714285716,10.730463974952219,1.0,6,11,4,2.2
11.0,39.0,12.0,2294.0,14.0,2277.1428571428573,2294.0,2287.0,2251.0,2277.0,12.143977538314342,-2.0,1,11,4,0.7333333333333333
14.0,48.0,20.0,2302.0,7.0,2280.714285714286,2294.0,2277.0,2261.0,2279.9285714285716,15.348336344579247,13.0,2,11,4,1.75
6.0,26.0,16.0,2317.0,5.0,2287.5714285714284,2302.0,2269.0,2266.0,2283.5714285714284,19.423843962013283,11.0,3,11,4,1.0
5.0,22.0,3.0,2340.0,5.0,2297.5714285714284,2317.0,2270.0,2276.0,2288.1428571428573,25.83187399823473,-2.0,6,11,4,0.8333333333333334
1.0,35.0,6.0,2343.0,8.0,2307.714285714286,2340.0,2272.0,2282.0,2292.5,27.968519717945203,-2.0,0,11,4,0.1111111111111111
2.0,38.0,8.0,2345.0,12.0,2319.285714285714,2343.0,2264.0,2286.0,2296.714285714286,23.221500709754338,-4.0,1,11,4,0.15384615384615385
7.0,32.0,3.0,2340.0,10.0,2325.8571428571427,2345.0,2294.0,2280.0,2301.0,21.302805537876047,-7.0,2,11,4,0.6363636363636364
18.0,57.0,8.0,2340.0,9.0,2332.4285714285716,2340.0,2294.0,2287.0,2304.785714285714,16.359066220114602,-1.0,3,11,4,1.8
3.0,46.0,22.0,2375.0,1.0,2342.8571428571427,2340.0,2302.0,2277.0,2311.785714285714,16.98458684958941,21.0,6,11,4,1.5
9.0,40.0,9.0,2371.0,13.0,2350.5714285714284,2375.0,2317.0,2269.0,2319.0714285714284,15.479633315880104,-4.0,0,11,4,0.6428571428571429
6.0,47.0,14.0,2375.0,11.0,2355.5714285714284,2371.0,2340.0,2270.0,2326.5714285714284,17.067094487954712,3.0,1,11,4,0.5
4.0,24.0,8.0,2389.0,7.0,2362.1428571428573,2375.0,2343.0,2272.0,2334.9285714285716,20.02022786545114,1.0,3,11,4,0.5
4.0,18.0,10.0,2415.0,0.0,2372.1428571428573,2389.0,2345.0,2264.0,2345.714285714286,26.472807251679864,10.0,6,11,4,4.0
4.0,26.0,4.0,2410.0,9.0,2382.1428571428573,2415.0,2340.0,2294.0,2354.0,25.51096869553568,-5.0,0,12,4,0.4
7.0,34.0,6.0,2407.0,8.0,2391.714285714286,2410.0,2340.0,2294.0,2362.0714285714284,18.73245210536632,-2.0,1,12,4,0.7777777777777778
4.0,32.0,8.0,2419.0,7.0,2398.0,2407.0,2375.0,2302.0,2370.4285714285716,19.553345834112744,1.0,2,12,4,0.5
16.0,39.0,7.0,2418.0,13.0,2404.714285714286,2419.0,2371.0,2317.0,2377.6428571428573,16.58025216574955,-6.0,3,12,4,1.1428571428571428
4.0,24.0,13.0,2429.0,12.0,2412.4285714285716,2418.0,2375.0,2340.0,2384.0,12.514753197491558,1.0,6,12,4,0.3076923076923077
9.0,27.0,9.0,2440.0,4.0,2419.714285714286,2429.0,2389.0,2343.0,2390.9285714285716,11.397577017938398,5.0,0,12,4,1.8
4.0,30.0,7.0,2443.0,8.0,2423.714285714286,2440.0,2415.0,2345.0,2397.9285714285716,14.06786273318862,-1.0,1,12,4,0.4444444444444444
10.0,54.0,5.0,2439.0,9.0,2427.8571428571427,2443.0,2410.0,2340.0,2405.0,13.61896436779486,-4.0,2,12,4,1.0
7.0,47.0,9.0,2437.0,10.0,2432.1428571428573,2439.0,2407.0,2340.0,2411.9285714285716,10.27016019598859,-1.0,3,12,4,0.6363636363636364
8.0,35.0,4.0,2462.0,8.0,2438.285714285714,2437.0,2419.0,2375.0,2418.1428571428573,13.462469877892984,-4.0,6,12,4,0.8888888888888888
11.0,42.0,9.0,2470.0,7.0,2445.714285714286,2462.0,2418.0,2371.0,2425.214285714286,14.693698032824946,2.0,0,12,4,1.375
8.0,54.0,15.0,2468.0,9.0,2451.285714285714,2470.0,2429.0,2375.0,2431.8571428571427,14.693698032824946,6.0,1,12,4,0.8
7.0,31.0,11.0,2481.0,10.0,2457.1428571428573,2468.0,2440.0,2389.0,2438.4285714285716,17.372665995310214,1.0,2,12,4,0.6363636363636364
11.0,50.0,6.0,2472.0,16.0,2461.285714285714,2481.0,2443.0,2415.0,2442.5,16.888993315564516,-10.0,3,12,4,0.6470588235294118
6.0,18.0,11.0,2484.0,14.0,2467.714285714286,2472.0,2439.0,2410.0,2447.785714285714,15.499615969861617,-3.0,6,12,4,0.4
